код_типа_датчика,код_состояния,событий,тревожных_raw,тревог_в_цели,доля_тревожных,доля_в_типе
1,6,4,0.0,0.0,0.0,0.008
1,13,73,73.0,73.0,1.0,0.1469
1,15,14,14.0,0.0,1.0,0.0282
1,16,157,0.0,0.0,0.0,0.3159
1,17,249,0.0,0.0,0.0,0.501
2,0,10237095,0.0,3190.0,0.0,0.9953
2,6,128,0.0,0.0,0.0,0.0
2,15,146,130.0,0.0,0.8904,0.0
2,16,23047,0.0,0.0,0.0,0.0022
2,17,23939,0.0,0.0,0.0,0.0023
2,19,819,410.0,819.0,0.5006,0.0001
2,22,2,2.0,0.0,1.0,0.0
3,6,2,0.0,0.0,0.0,0.0
3,7,347034,0.0,0.0,0.0,0.4968
3,15,4,1.0,0.0,0.25,0.0
3,16,2192,0.0,0.0,0.0,0.0031
3,17,2201,0.0,0.0,0.0,0.0032
3,21,347035,1004.0,1004.0,0.0029,0.4969
3,22,2,1.0,0.0,0.5,0.0
4,6,10,0.0,0.0,0.0,0.0012
4,8,854,0.0,0.0,0.0,0.1055
4,15,616,322.0,0.0,0.5227,0.0761
4,16,2584,0.0,0.0,0.0,0.3193
4,17,3162,0.0,0.0,0.0,0.3907
4,20,849,172.0,172.0,0.2026,0.1049
4,22,18,15.0,0.0,0.8333,0.0022
5,6,7,0.0,0.0,0.0,0.0008
5,7,2,0.0,0.0,0.0,0.0002
5,13,3025,3019.0,3019.0,0.998,0.3287
5,15,8,8.0,0.0,1.0,0.0009
5,16,1551,0.0,0.0,0.0,0.1685
5,17,4605,0.0,0.0,0.0,0.5004
5,22,5,5.0,0.0,1.0,0.0005
6,0,43994,0.0,0.0,0.0,0.8735
6,3,697,0.0,0.0,0.0,0.0138
6,6,3,0.0,0.0,0.0,0.0001
6,7,4,0.0,0.0,0.0,0.0001
6,14,329,298.0,0.0,0.9058,0.0065
6,15,8,8.0,0.0,1.0,0.0002
6,16,2473,0.0,0.0,0.0,0.0491
6,17,2489,0.0,0.0,0.0,0.0494
6,22,4,4.0,0.0,1.0,0.0001
6,30,7,7.0,7.0,1.0,0.0001
6,31,355,349.0,349.0,0.9831,0.007
7,0,1229,0.0,0.0,0.0,0.0584
7,1,124,0.0,0.0,0.0,0.0059
7,2,61,45.0,45.0,0.7377,0.0029
7,6,102,0.0,0.0,0.0,0.0048
7,15,252,248.0,0.0,0.9841,0.012
7,16,4369,0.0,0.0,0.0,0.2076
7,17,4688,0.0,0.0,0.0,0.2227
7,22,7,7.0,0.0,1.0,0.0003
7,23,5075,4976.0,4976.0,0.9805,0.2411
7,24,5141,0.0,0.0,0.0,0.2443
8,6,3,0.0,0.0,0.0,0.0002
8,7,2,0.0,0.0,0.0,0.0001
8,13,6708,6610.0,6610.0,0.9854,0.3947
8,15,121,121.0,0.0,1.0,0.0071
8,16,1530,0.0,0.0,0.0,0.09
8,17,8477,0.0,0.0,0.0,0.4988
8,22,155,155.0,0.0,1.0,0.0091
9,6,8,0.0,0.0,0.0,0.0002
9,13,15739,463.0,463.0,0.0294,0.3287
9,15,1,0.0,0.0,0.0,0.0
9,16,8302,0.0,0.0,0.0,0.1734
9,17,23832,0.0,0.0,0.0,0.4977
9,22,5,3.0,0.0,0.6,0.0001
10,6,7,0.0,0.0,0.0,0.0005
10,7,2,0.0,0.0,0.0,0.0001
10,13,1394,1393.0,1393.0,0.9993,0.0942
10,15,27,27.0,0.0,1.0,0.0018
10,16,6011,0.0,0.0,0.0,0.4062
10,17,7348,0.0,0.0,0.0,0.4965
10,22,10,10.0,0.0,1.0,0.0007
11,4,17337,0.0,0.0,0.0,0.3775
11,6,17365,0.0,0.0,0.0,0.3781
11,16,5596,0.0,0.0,0.0,0.1218
11,17,5619,0.0,0.0,0.0,0.1223
11,22,12,12.0,0.0,1.0,0.0003
12,6,2,0.0,0.0,0.0,0.0002
12,13,425,176.0,176.0,0.4141,0.0515
12,15,2250,2250.0,0.0,1.0,0.2727
12,16,1523,0.0,0.0,0.0,0.1846
12,17,4000,0.0,0.0,0.0,0.4847
12,22,52,52.0,0.0,1.0,0.0063
13,5,1895,0.0,0.0,0.0,0.0351
13,6,30,0.0,0.0,0.0,0.0006
13,7,4,0.0,0.0,0.0,0.0001
13,13,29,4.0,4.0,0.1379,0.0005
13,15,2,0.0,0.0,0.0,0.0
13,16,22559,0.0,0.0,0.0,0.4182
13,17,24681,0.0,0.0,0.0,0.4575
13,21,2,2.0,2.0,1.0,0.0
13,22,9,9.0,0.0,1.0,0.0002
13,26,2168,0.0,0.0,0.0,0.0402
13,27,1290,0.0,0.0,0.0,0.0239
13,28,1275,203.0,203.0,0.1592,0.0236
14,4,21484,0.0,0.0,0.0,0.2538
14,6,24796,0.0,0.0,0.0,0.2929
14,15,3570,3532.0,0.0,0.9894,0.0422
14,16,13865,0.0,0.0,0.0,0.1638
14,17,17377,0.0,0.0,0.0,0.2053
14,18,3541,3504.0,3504.0,0.9896,0.0418
14,22,29,29.0,0.0,1.0,0.0003
15,4,41900,0.0,0.0,0.0,0.2671
15,6,55969,0.0,0.0,0.0,0.3567
15,10,6032,5372.0,5372.0,0.8906,0.0384
15,15,14818,13902.0,0.0,0.9382,0.0944
15,16,4519,0.0,0.0,0.0,0.0288
15,17,19408,0.0,0.0,0.0,0.1237
15,18,13798,12901.0,12901.0,0.935,0.0879
15,22,129,129.0,0.0,1.0,0.0008
15,25,317,306.0,306.0,0.9653,0.002
16,0,69766,0.0,0.0,0.0,0.4545
16,6,14,0.0,0.0,0.0,0.0001
16,7,1,0.0,0.0,0.0,0.0
16,11,3457,3448.0,3448.0,0.9974,0.0225
16,12,34931,0.0,0.0,0.0,0.2276
16,16,3458,0.0,0.0,0.0,0.0225
16,17,3480,0.0,0.0,0.0,0.0227
16,29,34926,0.0,0.0,0.0,0.2275
16,32,3475,0.0,0.0,0.0,0.0226
17,6,8,0.0,0.0,0.0,0.0001
17,9,13451,0.0,0.0,0.0,0.1746
17,15,684,681.0,0.0,0.9956,0.0089
17,16,24394,0.0,0.0,0.0,0.3166
17,17,25051,0.0,0.0,0.0,0.3251
17,18,13448,0.0,0.0,0.0,0.1745
17,22,22,22.0,0.0,1.0,0.0003
18,6,3,0.0,0.0,0.0,0.0001
18,13,6729,5766.0,5766.0,0.8569,0.3348
18,16,3355,0.0,0.0,0.0,0.1669
18,17,10011,0.0,0.0,0.0,0.4981
18,22,1,1.0,0.0,1.0,0.0
19,6,1,0.0,0.0,0.0,0.0001
19,13,122,84.0,84.0,0.6885,0.0099
19,15,11,6.0,0.0,0.5455,0.0009
19,16,6069,0.0,0.0,0.0,0.4903
19,17,6174,0.0,0.0,0.0,0.4988
19,22,1,1.0,0.0,1.0,0.0001
