ch,ts,код_типа_датчика,аномальность,перцентиль,n_ev_1h,n_ev_24h,active_hours_24h,n_tech_24h,n_serv_24h,n_states,ldtz_min,ldtz_max,vz_absmax,n_alarm_ref_24h,ldt_mean,дребезг
8834,2026-05-26 10:00:00,11,0.8377755728391917,1.0,17.0,352.0,24.0,176.0,0.0,3.0,-1.0682533,1.5778133,,6.0,3.9234054,False
8834,2026-05-27 09:00:00,11,0.8377755728391917,1.0,11.0,346.0,24.0,172.0,0.0,4.0,-0.9156657,0.9893162,,3.0,3.925391,False
8834,2026-05-26 08:00:00,11,0.8362160736222952,1.0,14.0,358.0,24.0,179.0,0.0,3.0,-1.0625823,1.10083,,1.0,4.3776984,False
8834,2026-05-27 10:00:00,11,0.8348150065209881,1.0,3.0,332.0,24.0,166.0,0.0,3.0,0.911391,1.7969632,,2.0,6.9929743,False
8834,2026-05-27 08:00:00,11,0.8320199107840228,1.0,8.0,342.0,24.0,171.0,0.0,3.0,-1.0673429,1.4005076,,6.0,4.124598,False
8834,2026-05-26 12:00:00,11,0.8317099228460618,1.0,14.0,350.0,24.0,175.0,0.0,2.0,-1.0683345,1.251983,,6.0,3.5697877,False
8834,2026-05-26 09:00:00,11,0.8309354581891539,1.0,7.0,351.0,24.0,176.0,0.0,3.0,-0.5002817,1.0937382,,4.0,4.7396207,False
8834,2026-05-26 14:00:00,11,0.8306258742886677,1.0,16.0,350.0,24.0,175.0,0.0,2.0,-1.0684623,0.9917298,,6.0,3.509491,False
8834,2026-05-26 16:00:00,11,0.8306258742886677,1.0,16.0,350.0,24.0,175.0,0.0,2.0,-1.0684623,0.99172914,,6.0,3.458938,False
8834,2026-05-26 18:00:00,11,0.8306258742886677,1.0,16.0,350.0,24.0,175.0,0.0,2.0,-1.067921,0.9919769,,6.0,3.52708,False
8834,2026-05-26 20:00:00,11,0.8306258742886677,1.0,16.0,350.0,24.0,175.0,0.0,2.0,-1.0677501,0.99197215,,6.0,3.4338567,False
8834,2026-05-26 22:00:00,11,0.8306258742886677,1.0,16.0,350.0,24.0,175.0,0.0,2.0,-1.0677068,0.99196637,,6.0,3.4842796,False
8834,2026-05-27 00:00:00,11,0.8306258742886677,1.0,16.0,350.0,24.0,175.0,0.0,2.0,-1.0677913,0.99118483,,6.0,3.5270803,False
8834,2026-05-27 02:00:00,11,0.8306258742886677,1.0,16.0,350.0,24.0,175.0,0.0,2.0,-1.0676637,0.99196017,,6.0,3.5347018,False
8834,2026-05-27 04:00:00,11,0.8306258742886677,1.0,16.0,350.0,24.0,175.0,0.0,2.0,-1.0667833,0.99221605,,6.0,3.4766567,False
8834,2026-05-26 11:00:00,11,0.8301617146917374,1.0,14.0,352.0,24.0,176.0,0.0,2.0,-1.068381,0.9919584,,6.0,3.540453,False
8834,2026-05-26 13:00:00,11,0.8301617146917374,1.0,14.0,350.0,24.0,175.0,0.0,2.0,-1.0684623,0.99172956,,6.0,3.491091,False
8834,2026-05-26 15:00:00,11,0.8301617146917374,1.0,14.0,350.0,24.0,175.0,0.0,2.0,-1.0685469,0.990948,,6.0,3.5404537,False
8834,2026-05-26 17:00:00,11,0.8301617146917374,1.0,14.0,350.0,24.0,175.0,0.0,2.0,-1.067581,0.9919838,,6.0,3.4625766,False
8834,2026-05-26 19:00:00,11,0.8301617146917374,1.0,14.0,350.0,24.0,175.0,0.0,2.0,-1.0678778,0.991197,,6.0,3.5117898,False
8834,2026-05-26 21:00:00,11,0.8301617146917374,1.0,14.0,350.0,24.0,175.0,0.0,2.0,-1.0675792,0.99197155,,6.0,3.5117893,False
8834,2026-05-26 23:00:00,11,0.8301617146917374,1.0,14.0,350.0,24.0,175.0,0.0,2.0,-1.0677068,0.99196595,,6.0,3.4627254,False
8834,2026-05-27 01:00:00,11,0.8301617146917374,1.0,14.0,350.0,24.0,175.0,0.0,2.0,-1.0675359,0.99196076,,6.0,3.4625766,False
8834,2026-05-27 03:00:00,11,0.8301617146917374,1.0,14.0,350.0,24.0,175.0,0.0,2.0,-1.0677913,0.9922484,,6.0,3.4624276,False
8834,2026-05-27 05:00:00,11,0.8301617146917374,1.0,14.0,350.0,24.0,175.0,0.0,2.0,-1.0666126,0.9922104,,6.0,3.4915388,False
8834,2026-05-27 06:00:00,11,0.8301617146917374,1.0,14.0,348.0,24.0,174.0,0.0,2.0,-1.0666126,0.99221087,,6.0,3.5202026,False
8834,2026-05-27 07:00:00,11,0.8301617146917374,1.0,14.0,348.0,24.0,174.0,0.0,2.0,-1.0666126,0.992211,,6.0,3.498766,False
286887,2026-03-09 12:00:00,8,0.8281193936846608,1.0,262.0,272.0,6.0,137.0,0.0,3.0,-2.0674446,2.6272852,,137.0,1.6881412,True
8834,2026-05-27 11:00:00,11,0.8267657936722397,1.0,2.0,320.0,24.0,160.0,0.0,2.0,-0.22432312,0.8218816,,2.0,4.3372693,False
333773,2026-04-20 17:00:00,17,0.8119001390802266,1.0,13.0,73.0,10.0,61.0,0.0,3.0,-1.6514801,0.1574727,,26.0,3.9013767,False
333773,2026-04-21 05:00:00,17,0.807699643540883,1.0,3.0,113.0,17.0,80.0,0.0,1.0,-0.5159538,-0.3823694,,25.0,4.3862834,False
333773,2026-04-21 06:00:00,17,0.8045069411102435,1.0,2.0,115.0,18.0,81.0,0.0,2.0,0.011007567,1.3318876,,25.0,6.7584686,False
333773,2026-04-21 10:00:00,17,0.8022284233887135,1.0,3.0,112.0,18.0,75.0,0.0,3.0,-1.5276934,1.7044492,,21.0,5.9444084,False
333773,2026-04-21 11:00:00,17,0.8016341171739081,1.0,2.0,108.0,18.0,70.0,0.0,2.0,0.54206866,1.5348287,,18.0,7.4437284,False
334190,2026-04-08 12:00:00,12,0.8013867610484434,1.0,184.0,682.0,6.0,327.0,0.0,2.0,-0.59893405,4.295703,,323.0,1.4222916,True
334191,2026-04-07 13:00:00,12,0.8013867610484434,1.0,465.0,465.0,1.0,228.0,0.0,3.0,-0.66860235,2.9972847,,227.0,1.3871917,True
333773,2026-04-21 12:00:00,17,0.8010813184800615,1.0,6.0,113.0,18.0,72.0,0.0,2.0,-0.24875703,0.96168363,,18.0,6.012845,False
334192,2026-04-07 13:00:00,12,0.800085880214682,1.0,436.0,436.0,1.0,225.0,0.0,3.0,-0.66025156,2.7488446,,224.0,1.4168708,True
334191,2026-03-12 13:00:00,12,0.7999216859759839,1.0,49.0,49.0,1.0,27.0,0.0,2.0,-0.8811943,2.3828259,,27.0,1.9574276,True
334190,2026-04-07 13:00:00,12,0.7998419115021358,1.0,442.0,442.0,1.0,212.0,0.0,3.0,-0.7150236,2.674073,,211.0,1.4570992,True
334190,2026-04-14 15:00:00,12,0.7986523204123286,1.0,27.0,87.0,3.0,42.0,0.0,2.0,-0.59728414,3.6550808,,42.0,1.838522,True
8834,2026-04-19 09:00:00,11,0.7983068854241063,1.0,14.0,356.0,24.0,178.0,0.0,2.0,-1.0241585,1.2315614,,0.0,3.5409,False
8834,2026-05-20 11:00:00,11,0.7981581578779953,1.0,14.0,306.0,21.0,153.0,0.0,2.0,-1.0589073,2.2412567,,0.0,3.7496018,False
334747,2026-04-09 13:00:00,12,0.7977290938617125,1.0,669.0,1295.0,2.0,653.0,0.0,3.0,-0.6047534,2.8982592,,653.0,1.2543478,True
8834,2026-04-18 01:00:00,11,0.7977121414699889,1.0,16.0,180.0,12.0,90.0,0.0,2.0,-1.0110152,0.9320074,,0.0,3.4842792,False
8834,2026-04-18 03:00:00,11,0.7977121414699889,1.0,16.0,210.0,14.0,105.0,0.0,2.0,-1.0127574,0.9410561,,0.0,3.484149,False
8834,2026-04-18 05:00:00,11,0.7977121414699889,1.0,16.0,240.0,16.0,120.0,0.0,2.0,-1.0149484,0.94868934,,0.0,3.4590678,False
8834,2026-04-18 07:00:00,11,0.7977121414699889,1.0,16.0,270.0,18.0,135.0,0.0,2.0,-1.0159638,0.95347357,,0.0,3.4840188,False
8834,2026-04-18 09:00:00,11,0.7977121414699889,1.0,16.0,300.0,20.0,150.0,0.0,2.0,-1.0170095,0.95822877,,0.0,3.4589374,False
8834,2026-04-18 11:00:00,11,0.7977121414699889,1.0,16.0,330.0,22.0,165.0,0.0,2.0,-1.0177798,0.9620919,,0.0,3.4589376,False
8834,2026-04-18 13:00:00,11,0.7977121414699889,1.0,16.0,358.0,24.0,179.0,0.0,2.0,-1.0184491,0.9632588,,0.0,3.4841492,False
8834,2026-04-18 15:00:00,11,0.7977121414699889,1.0,16.0,358.0,24.0,179.0,0.0,2.0,-1.0199419,0.965944,,0.0,3.509491,False
8834,2026-04-18 17:00:00,11,0.7977121414699889,1.0,16.0,358.0,24.0,179.0,0.0,2.0,-1.0212054,0.96838224,,0.0,3.4767878,False
8834,2026-04-18 19:00:00,11,0.7977121414699889,1.0,16.0,358.0,24.0,179.0,0.0,2.0,-1.0219152,0.9703721,,0.0,3.5093603,False
8834,2026-04-18 21:00:00,11,0.7977121414699889,1.0,16.0,358.0,24.0,179.0,0.0,2.0,-1.021692,0.9721621,,0.0,3.4589376,False
8834,2026-04-18 23:00:00,11,0.7977121414699889,1.0,16.0,358.0,24.0,179.0,0.0,2.0,-1.0231237,0.97356176,,0.0,3.5093603,False
8834,2026-04-19 01:00:00,11,0.7977121414699889,1.0,16.0,358.0,24.0,179.0,0.0,2.0,-1.0232227,0.9749856,,0.0,3.4588075,False
8834,2026-04-19 03:00:00,11,0.7977121414699889,1.0,16.0,358.0,24.0,179.0,0.0,2.0,-1.0232277,0.97615945,,0.0,3.4840188,False
8834,2026-04-19 05:00:00,11,0.7977121414699889,1.0,16.0,358.0,24.0,179.0,0.0,2.0,-1.0238047,0.9774361,,0.0,3.4841492,False
8834,2026-04-19 07:00:00,11,0.7977121414699889,1.0,16.0,358.0,24.0,179.0,0.0,2.0,-1.0240961,0.9776972,,0.0,3.4841497,False
8834,2026-04-19 11:00:00,11,0.7977121414699889,1.0,16.0,356.0,24.0,178.0,0.0,2.0,-1.0244855,0.9793904,,0.0,3.509751,False
8834,2026-04-19 13:00:00,11,0.7977121414699889,1.0,16.0,358.0,24.0,179.0,0.0,2.0,-1.026996,0.9800658,,0.0,3.4589376,False
8834,2026-04-19 15:00:00,11,0.7977121414699889,1.0,16.0,358.0,24.0,179.0,0.0,2.0,-1.0263528,0.9807064,,0.0,3.4841495,False
8834,2026-04-19 17:00:00,11,0.7977121414699889,1.0,16.0,358.0,24.0,179.0,0.0,2.0,-1.0263318,0.9814544,,0.0,3.4840188,False
8834,2026-04-19 19:00:00,11,0.7977121414699889,1.0,16.0,358.0,24.0,179.0,0.0,2.0,-1.0261327,0.98216444,,0.0,3.4841492,False
8834,2026-04-19 21:00:00,11,0.7977121414699889,1.0,16.0,358.0,24.0,179.0,0.0,2.0,-1.026408,0.98275924,,0.0,3.5093603,False
8834,2026-04-19 23:00:00,11,0.7977121414699889,1.0,16.0,358.0,24.0,179.0,0.0,2.0,-1.0274345,0.9833333,,0.0,3.4841492,False
8834,2026-04-20 01:00:00,11,0.7977121414699889,1.0,16.0,358.0,24.0,179.0,0.0,2.0,-1.0276656,0.98379636,,0.0,3.5093603,False
8834,2026-04-20 03:00:00,11,0.7977121414699889,1.0,16.0,358.0,24.0,179.0,0.0,2.0,-1.0271604,0.98436797,,0.0,3.4589376,False
8834,2026-04-20 05:00:00,11,0.7977121414699889,1.0,16.0,358.0,24.0,179.0,0.0,2.0,-1.0272694,0.9848195,,0.0,3.5093603,False
334747,2026-04-09 12:00:00,12,0.7973688947355361,1.0,626.0,626.0,1.0,319.0,0.0,2.0,-1.0026605,2.1880674,,319.0,1.3673279,True
8834,2026-05-14 08:00:00,11,0.7972663742990972,1.0,16.0,360.0,24.0,180.0,0.0,2.0,-1.0593604,1.0007612,,0.0,3.6690829,False
8834,2026-05-12 15:00:00,11,0.7971178406040842,1.0,14.0,358.0,24.0,179.0,0.0,2.0,-1.0604059,1.2479492,,0.0,3.7442696,False
8834,2026-05-18 11:00:00,11,0.7969693345814518,1.0,16.0,360.0,24.0,180.0,0.0,2.0,-1.0607789,1.0468603,,0.0,3.507785,False
8834,2026-05-06 21:00:00,11,0.7968208562260446,1.0,16.0,206.0,14.0,103.0,0.0,2.0,-1.063001,0.8790646,,0.0,3.627145,False
8834,2026-05-06 23:00:00,11,0.7968208562260446,1.0,16.0,236.0,16.0,118.0,0.0,2.0,-1.0690289,0.89246505,,0.0,3.5272095,False
8834,2026-05-07 01:00:00,11,0.7968208562260446,1.0,16.0,266.0,18.0,133.0,0.0,2.0,-1.0721153,0.9015227,,0.0,3.509359,False
8834,2026-05-07 03:00:00,11,0.7968208562260446,1.0,16.0,296.0,20.0,148.0,0.0,2.0,-1.0680572,0.9110252,,0.0,3.5021274,False
8834,2026-05-07 07:00:00,11,0.7968208562260446,1.0,16.0,356.0,24.0,178.0,0.0,2.0,-1.0755585,0.9193788,,0.0,3.458938,False
8834,2026-05-07 09:00:00,11,0.7968208562260446,1.0,16.0,360.0,24.0,180.0,0.0,2.0,-1.0776446,0.9239574,,0.0,3.5270798,False
8834,2026-05-07 11:00:00,11,0.7968208562260446,1.0,16.0,360.0,24.0,180.0,0.0,2.0,-1.0786645,0.92962724,,0.0,3.5158145,False
8834,2026-05-07 13:00:00,11,0.7968208562260446,1.0,16.0,360.0,24.0,180.0,0.0,2.0,-1.0777982,0.93301195,,0.0,3.527341,False
8834,2026-05-07 15:00:00,11,0.7968208562260446,1.0,16.0,360.0,24.0,180.0,0.0,2.0,-1.0759736,0.9364269,,0.0,3.5597835,False
8834,2026-05-07 17:00:00,11,0.7968208562260446,1.0,16.0,360.0,24.0,180.0,0.0,2.0,-1.0785412,0.9412006,,0.0,3.598033,False
8834,2026-05-07 19:00:00,11,0.7968208562260446,1.0,16.0,360.0,24.0,180.0,0.0,2.0,-1.0768532,0.94355625,,0.0,3.4841495,False
8834,2026-05-07 21:00:00,11,0.7968208562260446,1.0,16.0,360.0,24.0,180.0,0.0,2.0,-1.0767546,0.94651264,,0.0,3.4588075,False
8834,2026-05-07 23:00:00,11,0.7968208562260446,1.0,16.0,360.0,24.0,180.0,0.0,2.0,-1.0740347,0.94957906,,0.0,3.5019991,False
8834,2026-05-08 01:00:00,11,0.7968208562260446,1.0,16.0,360.0,24.0,180.0,0.0,2.0,-1.0740252,0.9514164,,0.0,3.5092304,False
8834,2026-05-08 03:00:00,11,0.7968208562260446,1.0,16.0,360.0,24.0,180.0,0.0,2.0,-1.0751834,0.95234054,,0.0,3.4588077,False
8834,2026-05-08 05:00:00,11,0.7968208562260446,1.0,16.0,360.0,24.0,180.0,0.0,2.0,-1.0744956,0.95415175,,0.0,3.5345721,False
8834,2026-05-08 07:00:00,11,0.7968208562260446,1.0,16.0,360.0,24.0,180.0,0.0,2.0,-1.0738819,0.9556718,,0.0,3.5849946,False
8834,2026-05-08 09:00:00,11,0.7968208562260446,1.0,16.0,360.0,24.0,180.0,0.0,2.0,-1.0746547,0.9581621,,0.0,3.5272102,False
8834,2026-05-08 11:00:00,11,0.7968208562260446,1.0,16.0,360.0,24.0,180.0,0.0,2.0,-1.0734758,0.95970374,,0.0,3.458938,False
8834,2026-05-08 13:00:00,11,0.7968208562260446,1.0,16.0,360.0,24.0,180.0,0.0,2.0,-1.0717335,0.9611418,,0.0,3.4586775,False
8834,2026-05-08 15:00:00,11,0.7968208562260446,1.0,16.0,360.0,24.0,180.0,0.0,2.0,-1.0697446,0.9623829,,0.0,3.5272098,False
8834,2026-05-08 17:00:00,11,0.7968208562260446,1.0,16.0,360.0,24.0,180.0,0.0,2.0,-1.0700897,0.96350044,,0.0,3.5273407,False
8834,2026-05-08 19:00:00,11,0.7968208562260446,1.0,16.0,360.0,24.0,180.0,0.0,2.0,-1.0696791,0.96404505,,0.0,3.5019994,False
8834,2026-05-08 21:00:00,11,0.7968208562260446,1.0,16.0,360.0,24.0,180.0,0.0,2.0,-1.0688593,0.9657507,,0.0,3.4589376,False
8834,2026-05-08 23:00:00,11,0.7968208562260446,1.0,16.0,360.0,24.0,180.0,0.0,2.0,-1.0681021,0.96619767,,0.0,3.5092306,False
8834,2026-05-09 01:00:00,11,0.7968208562260446,1.0,16.0,360.0,24.0,180.0,0.0,2.0,-1.0666345,0.96788466,,0.0,3.4337265,False
8834,2026-05-09 03:00:00,11,0.7968208562260446,1.0,16.0,360.0,24.0,180.0,0.0,2.0,-1.0659475,0.9687247,,0.0,3.4841492,False
8834,2026-05-09 05:00:00,11,0.7968208562260446,1.0,16.0,360.0,24.0,180.0,0.0,2.0,-1.0652394,0.96890765,,0.0,3.5345721,False
8834,2026-05-09 07:00:00,11,0.7968208562260446,1.0,16.0,360.0,24.0,180.0,0.0,2.0,-1.0662374,0.97028095,,0.0,3.5272105,False
8834,2026-05-09 09:00:00,11,0.7968208562260446,1.0,16.0,360.0,24.0,180.0,0.0,2.0,-1.0655608,0.97115463,,0.0,3.4589376,False
8834,2026-05-09 11:00:00,11,0.7968208562260446,1.0,16.0,360.0,24.0,180.0,0.0,2.0,-1.0645499,0.97179204,,0.0,3.4335964,False
8834,2026-05-09 13:00:00,11,0.7968208562260446,1.0,16.0,360.0,24.0,180.0,0.0,2.0,-1.0635387,0.9725678,,0.0,3.5021296,False
8834,2026-05-09 15:00:00,11,0.7968208562260446,1.0,16.0,360.0,24.0,180.0,0.0,2.0,-1.0630296,0.97308147,,0.0,3.5093603,False
8834,2026-05-09 17:00:00,11,0.7968208562260446,1.0,16.0,360.0,24.0,180.0,0.0,2.0,-1.0627525,0.97358465,,0.0,3.54506,False
8834,2026-05-09 19:00:00,11,0.7968208562260446,1.0,16.0,360.0,24.0,180.0,0.0,2.0,-1.0630269,0.9742205,,0.0,3.5272105,False
8834,2026-05-09 21:00:00,11,0.7968208562260446,1.0,16.0,360.0,24.0,180.0,0.0,2.0,-1.0625098,0.97420377,,0.0,3.5092306,False
8834,2026-05-09 23:00:00,11,0.7968208562260446,1.0,16.0,360.0,24.0,180.0,0.0,2.0,-1.0628588,0.97546214,,0.0,3.476787,False
8834,2026-05-10 01:00:00,11,0.7968208562260446,1.0,16.0,360.0,24.0,180.0,0.0,2.0,-1.0627102,0.9751881,,0.0,3.5777636,False
8834,2026-05-10 03:00:00,11,0.7968208562260446,1.0,16.0,360.0,24.0,180.0,0.0,2.0,-1.062546,0.9757034,,0.0,3.5525522,False
8834,2026-05-10 05:00:00,11,0.7968208562260446,1.0,16.0,360.0,24.0,180.0,0.0,2.0,-1.062288,0.9769431,,0.0,3.4591982,False
8834,2026-05-10 07:00:00,11,0.7968208562260446,1.0,16.0,360.0,24.0,180.0,0.0,2.0,-1.0613446,0.97733104,,0.0,3.5019991,False
8834,2026-05-10 09:00:00,11,0.7968208562260446,1.0,16.0,360.0,24.0,180.0,0.0,2.0,-1.0613581,0.97777534,,0.0,3.4766574,False
8834,2026-05-10 11:00:00,11,0.7968208562260446,1.0,16.0,360.0,24.0,180.0,0.0,2.0,-1.0608889,0.97816885,,0.0,3.5092304,False
8834,2026-05-10 13:00:00,11,0.7968208562260446,1.0,16.0,360.0,24.0,180.0,0.0,2.0,-1.0630213,0.98568064,,0.0,3.509491,False
8834,2026-05-10 15:00:00,11,0.7968208562260446,1.0,16.0,360.0,24.0,180.0,0.0,2.0,-1.0630528,0.98588187,,0.0,3.5344415,False
8834,2026-05-10 17:00:00,11,0.7968208562260446,1.0,16.0,360.0,24.0,180.0,0.0,2.0,-1.0629601,0.98605204,,0.0,3.509491,False
8834,2026-05-10 22:00:00,11,0.7968208562260446,1.0,16.0,360.0,24.0,180.0,0.0,2.0,-1.0628695,0.9859277,,0.0,3.5093608,False
8834,2026-05-11 00:00:00,11,0.7968208562260446,1.0,16.0,360.0,24.0,180.0,0.0,2.0,-1.0625335,0.98692065,,0.0,3.5093606,False
8834,2026-05-11 02:00:00,11,0.7968208562260446,1.0,16.0,360.0,24.0,180.0,0.0,2.0,-1.0621538,0.98712975,,0.0,3.458938,False
8834,2026-05-11 04:00:00,11,0.7968208562260446,1.0,16.0,360.0,24.0,180.0,0.0,2.0,-1.0618104,0.9865148,,0.0,3.552422,False
8834,2026-05-11 06:00:00,11,0.7968208562260446,1.0,16.0,360.0,24.0,180.0,0.0,2.0,-1.0615677,0.98749876,,0.0,3.5021284,False
8834,2026-05-11 08:00:00,11,0.7968208562260446,1.0,16.0,360.0,24.0,180.0,0.0,2.0,-1.0615782,0.98765385,,0.0,3.5019991,False
8834,2026-05-11 10:00:00,11,0.7968208562260446,1.0,16.0,360.0,24.0,180.0,0.0,2.0,-1.0609949,0.98785114,,0.0,3.4590678,False
8834,2026-05-11 12:00:00,11,0.7968208562260446,1.0,16.0,360.0,24.0,180.0,0.0,2.0,-1.0602914,0.98726416,,0.0,3.4840193,False
8834,2026-05-11 14:00:00,11,0.7968208562260446,1.0,16.0,360.0,24.0,180.0,0.0,2.0,-1.059969,0.9881912,,0.0,3.4589381,False
8834,2026-05-11 16:00:00,11,0.7968208562260446,1.0,16.0,360.0,24.0,180.0,0.0,2.0,-1.0596277,0.98834634,,0.0,3.4841492,False
8834,2026-05-11 18:00:00,11,0.7968208562260446,1.0,16.0,360.0,24.0,180.0,0.0,2.0,-1.0593611,0.98850906,,0.0,3.5092304,False
8834,2026-05-11 20:00:00,11,0.7968208562260446,1.0,16.0,360.0,24.0,180.0,0.0,2.0,-1.0589458,0.9886762,,0.0,3.484149,False
8834,2026-05-11 22:00:00,11,0.7968208562260446,1.0,16.0,360.0,24.0,180.0,0.0,2.0,-1.0589514,0.98877054,,0.0,3.534572,False
8834,2026-05-12 00:00:00,11,0.7968208562260446,1.0,16.0,360.0,24.0,180.0,0.0,2.0,-1.0589793,0.98893434,,0.0,3.534572,False
8834,2026-05-12 02:00:00,11,0.7968208562260446,1.0,16.0,360.0,24.0,180.0,0.0,2.0,-1.0587964,0.9883483,,0.0,3.4840193,False
8834,2026-05-12 04:00:00,11,0.7968208562260446,1.0,16.0,360.0,24.0,180.0,0.0,2.0,-1.0585606,0.989236,,0.0,3.5091,False
8834,2026-05-12 06:00:00,11,0.7968208562260446,1.0,16.0,360.0,24.0,180.0,0.0,2.0,-1.0584464,0.9893989,,0.0,3.4589376,False
8834,2026-05-12 08:00:00,11,0.7968208562260446,1.0,16.0,360.0,24.0,180.0,0.0,2.0,-1.05895,0.99026346,,0.0,3.6357179,False
8834,2026-05-12 10:00:00,11,0.7968208562260446,1.0,16.0,360.0,24.0,180.0,0.0,2.0,-1.0593308,0.99717265,,0.0,3.5954335,False
8834,2026-05-12 12:00:00,11,0.7968208562260446,1.0,16.0,360.0,24.0,180.0,0.0,2.0,-1.059332,0.98884606,,0.0,3.6463878,False
8834,2026-05-12 18:00:00,11,0.7968208562260446,1.0,16.0,358.0,24.0,179.0,0.0,2.0,-1.0621748,0.9934693,,0.0,3.476788,False
8834,2026-05-12 20:00:00,11,0.7968208562260446,1.0,16.0,358.0,24.0,179.0,0.0,2.0,-1.0621852,0.9935108,,0.0,3.52708,False
8834,2026-05-12 22:00:00,11,0.7968208562260446,1.0,16.0,358.0,24.0,179.0,0.0,2.0,-1.0623678,0.99357224,,0.0,3.5272105,False
8834,2026-05-13 00:00:00,11,0.7968208562260446,1.0,16.0,358.0,24.0,179.0,0.0,2.0,-1.0626047,0.9936211,,0.0,3.5272105,False
8834,2026-05-13 02:00:00,11,0.7968208562260446,1.0,16.0,358.0,24.0,179.0,0.0,2.0,-1.062455,0.99366677,,0.0,3.5019991,False
8834,2026-05-13 04:00:00,11,0.7968208562260446,1.0,16.0,358.0,24.0,179.0,0.0,2.0,-1.0624636,0.9929722,,0.0,3.5344417,False
8834,2026-05-13 06:00:00,11,0.7968208562260446,1.0,16.0,358.0,24.0,179.0,0.0,2.0,-1.062127,0.99380887,,0.0,3.5021288,False
8834,2026-05-13 08:00:00,11,0.7968208562260446,1.0,16.0,356.0,24.0,178.0,0.0,2.0,-1.0635043,0.99481326,,0.0,3.6301916,False
8834,2026-05-13 10:00:00,11,0.7968208562260446,1.0,16.0,356.0,24.0,178.0,0.0,2.0,-1.0625881,0.9958338,,0.0,3.4586766,False
8834,2026-05-13 12:00:00,11,0.7968208562260446,1.0,16.0,356.0,24.0,178.0,0.0,2.0,-1.0625061,0.99583554,,0.0,3.5093606,False
8834,2026-05-13 14:00:00,11,0.7968208562260446,1.0,16.0,358.0,24.0,179.0,0.0,2.0,-1.0622582,0.99584115,,0.0,3.4841495,False
8834,2026-05-13 16:00:00,11,0.7968208562260446,1.0,16.0,358.0,24.0,179.0,0.0,2.0,-1.0621399,0.99508315,,0.0,3.5093606,False
8834,2026-05-13 18:00:00,11,0.7968208562260446,1.0,16.0,358.0,24.0,179.0,0.0,2.0,-1.0621928,0.9943221,,0.0,3.660718,False
8834,2026-05-13 20:00:00,11,0.7968208562260446,1.0,16.0,358.0,24.0,179.0,0.0,2.0,-1.0620289,0.99409187,,0.0,3.5093608,False
8834,2026-05-13 22:00:00,11,0.7968208562260446,1.0,16.0,358.0,24.0,179.0,0.0,2.0,-1.0616812,0.9948926,,0.0,3.4844096,False
8834,2026-05-14 00:00:00,11,0.7968208562260446,1.0,16.0,358.0,24.0,179.0,0.0,2.0,-1.0610462,0.99441576,,0.0,3.5345721,False
8834,2026-05-14 02:00:00,11,0.7968208562260446,1.0,16.0,358.0,24.0,179.0,0.0,2.0,-1.0604472,0.995168,,0.0,3.4335961,False
8834,2026-05-14 04:00:00,11,0.7968208562260446,1.0,16.0,358.0,24.0,179.0,0.0,2.0,-1.0602838,0.99517375,,0.0,3.5093603,False
8834,2026-05-14 06:00:00,11,0.7968208562260446,1.0,16.0,358.0,24.0,179.0,0.0,2.0,-1.0593604,0.9952141,,0.0,3.5525522,False
8834,2026-05-14 10:00:00,11,0.7968208562260446,1.0,16.0,360.0,24.0,180.0,0.0,2.0,-1.0592433,0.99602515,,0.0,3.6538172,False
8834,2026-05-14 12:00:00,11,0.7968208562260446,1.0,16.0,360.0,24.0,180.0,0.0,2.0,-1.060221,0.9958207,,0.0,3.52708,False
8834,2026-05-14 14:00:00,11,0.7968208562260446,1.0,16.0,360.0,24.0,180.0,0.0,2.0,-1.059687,0.9958278,,0.0,3.509491,False
8834,2026-05-14 16:00:00,11,0.7968208562260446,1.0,16.0,360.0,24.0,180.0,0.0,2.0,-1.0597585,0.99504995,,0.0,3.6268842,False
8834,2026-05-14 18:00:00,11,0.7968208562260446,1.0,16.0,360.0,24.0,180.0,0.0,2.0,-1.0592284,0.99581313,,0.0,3.4588077,False
8834,2026-05-14 20:00:00,11,0.7968208562260446,1.0,16.0,360.0,24.0,180.0,0.0,2.0,-1.0588585,0.99504894,,0.0,3.5597835,False
8834,2026-05-14 22:00:00,11,0.7968208562260446,1.0,16.0,360.0,24.0,180.0,0.0,2.0,-1.0592102,0.9958253,,0.0,3.4337263,False
8834,2026-05-15 00:00:00,11,0.7968208562260446,1.0,16.0,360.0,24.0,180.0,0.0,2.0,-1.0588819,0.9958345,,0.0,3.4337263,False
8834,2026-05-15 02:00:00,11,0.7968208562260446,1.0,16.0,360.0,24.0,180.0,0.0,2.0,-1.0586753,0.9960693,,0.0,3.476657,False
8834,2026-05-15 04:00:00,11,0.7968208562260446,1.0,16.0,360.0,24.0,180.0,0.0,2.0,-1.0579087,0.99607784,,0.0,3.4337263,False
8834,2026-05-15 06:00:00,11,0.7968208562260446,1.0,16.0,360.0,24.0,180.0,0.0,2.0,-1.057275,0.99607795,,0.0,3.484019,False
8834,2026-05-15 09:00:00,11,0.7968208562260446,1.0,16.0,360.0,24.0,180.0,0.0,2.0,-1.0592054,0.99502945,,0.0,3.5093608,False
8834,2026-05-15 11:00:00,11,0.7968208562260446,1.0,16.0,360.0,24.0,180.0,0.0,2.0,-1.0595539,0.99503255,,0.0,3.5914485,False
8834,2026-05-15 13:00:00,11,0.7968208562260446,1.0,16.0,360.0,24.0,180.0,0.0,2.0,-1.060413,0.9956961,,0.0,3.4767873,False
8834,2026-05-15 15:00:00,11,0.7968208562260446,1.0,16.0,360.0,24.0,180.0,0.0,2.0,-1.060413,0.9956967,,0.0,3.476657,False
8834,2026-05-15 17:00:00,11,0.7968208562260446,1.0,16.0,360.0,24.0,180.0,0.0,2.0,-1.0606035,0.9964888,,0.0,3.6586313,False
8834,2026-05-15 19:00:00,11,0.7968208562260446,1.0,16.0,360.0,24.0,180.0,0.0,2.0,-1.0604382,0.9954622,,0.0,3.4588075,False
8834,2026-05-15 21:00:00,11,0.7968208562260446,1.0,16.0,360.0,24.0,180.0,0.0,2.0,-1.0605198,0.9954558,,0.0,3.4589381,False
8834,2026-05-15 23:00:00,11,0.7968208562260446,1.0,16.0,360.0,24.0,180.0,0.0,2.0,-1.060231,0.9954537,,0.0,3.484149,False
8834,2026-05-16 01:00:00,11,0.7968208562260446,1.0,16.0,360.0,24.0,180.0,0.0,2.0,-1.0601075,0.9954543,,0.0,3.4335964,False
8834,2026-05-16 03:00:00,11,0.7968208562260446,1.0,16.0,360.0,24.0,180.0,0.0,2.0,-1.0600657,0.995455,,0.0,3.5272105,False
8834,2026-05-16 05:00:00,11,0.7968208562260446,1.0,16.0,360.0,24.0,180.0,0.0,2.0,-1.0601892,0.9954498,,0.0,3.5092301,False
8834,2026-05-16 07:00:00,11,0.7968208562260446,1.0,16.0,360.0,24.0,180.0,0.0,2.0,-1.059367,0.99545896,,0.0,3.4841492,False
8834,2026-05-16 09:00:00,11,0.7968208562260446,1.0,16.0,360.0,24.0,180.0,0.0,2.0,-1.059367,0.9954589,,0.0,3.4589376,False
8834,2026-05-16 11:00:00,11,0.7968208562260446,1.0,16.0,360.0,24.0,180.0,0.0,2.0,-1.0596137,0.9954576,,0.0,3.5093606,False
8834,2026-05-16 13:00:00,11,0.7968208562260446,1.0,16.0,360.0,24.0,180.0,0.0,2.0,-1.0599023,0.99468225,,0.0,3.5092306,False
8834,2026-05-16 15:00:00,11,0.7968208562260446,1.0,16.0,360.0,24.0,180.0,0.0,2.0,-1.0600675,0.99468666,,0.0,3.5272107,False
8834,2026-05-16 17:00:00,11,0.7968208562260446,1.0,16.0,360.0,24.0,180.0,0.0,2.0,-1.0603963,0.99545765,,0.0,3.458938,False
8834,2026-05-16 19:00:00,11,0.7968208562260446,1.0,16.0,360.0,24.0,180.0,0.0,2.0,-1.0598207,0.9954725,,0.0,3.5524213,False
8834,2026-05-16 21:00:00,11,0.7968208562260446,1.0,16.0,360.0,24.0,180.0,0.0,2.0,-1.0600258,0.9954583,,0.0,3.5019991,False
8834,2026-05-16 23:00:00,11,0.7968208562260446,1.0,16.0,360.0,24.0,180.0,0.0,2.0,-1.0597371,0.99545634,,0.0,3.4841492,False
8834,2026-05-17 01:00:00,11,0.7968208562260446,1.0,16.0,360.0,24.0,180.0,0.0,2.0,-1.0596554,0.995468,,0.0,3.4588075,False
8834,2026-05-17 03:00:00,11,0.7968208562260446,1.0,16.0,360.0,24.0,180.0,0.0,2.0,-1.0592036,0.99547076,,0.0,3.4590683,False
8834,2026-05-17 05:00:00,11,0.7968208562260446,1.0,16.0,360.0,24.0,180.0,0.0,2.0,-1.0592455,0.9954758,,0.0,3.4838884,False
8834,2026-05-17 07:00:00,11,0.7968208562260446,1.0,16.0,360.0,24.0,180.0,0.0,2.0,-1.0594921,0.99470055,,0.0,3.5093608,False
8834,2026-05-17 09:00:00,11,0.7968208562260446,1.0,16.0,360.0,24.0,180.0,0.0,2.0,-1.0592872,0.99470717,,0.0,3.5702715,False
8834,2026-05-17 11:00:00,11,0.7968208562260446,1.0,16.0,360.0,24.0,180.0,0.0,2.0,-1.0595338,0.99547964,,0.0,3.4840188,False
8834,2026-05-17 13:00:00,11,0.7968208562260446,1.0,16.0,360.0,24.0,180.0,0.0,2.0,-1.059799,0.99546564,,0.0,3.5094907,False
8834,2026-05-17 15:00:00,11,0.7968208562260446,1.0,16.0,360.0,24.0,180.0,0.0,2.0,-1.0593054,0.99547035,,0.0,3.4338567,False
8834,2026-05-17 17:00:00,11,0.7968208562260446,1.0,16.0,360.0,24.0,180.0,0.0,2.0,-1.0594287,0.9954682,,0.0,3.4840188,False
8834,2026-05-17 19:00:00,11,0.7968208562260446,1.0,16.0,360.0,24.0,180.0,0.0,2.0,-1.0588539,0.99547553,,0.0,3.4769175,False
8834,2026-05-17 21:00:00,11,0.7968208562260446,1.0,16.0,360.0,24.0,180.0,0.0,2.0,-1.0586889,0.9954717,,0.0,3.5094907,False
8834,2026-05-17 23:00:00,11,0.7968208562260446,1.0,16.0,360.0,24.0,180.0,0.0,2.0,-1.0590171,0.99546504,,0.0,3.4841492,False
8834,2026-05-18 01:00:00,11,0.7968208562260446,1.0,16.0,360.0,24.0,180.0,0.0,2.0,-1.0591403,0.99546444,,0.0,3.458938,False
8834,2026-05-18 03:00:00,11,0.7968208562260446,1.0,16.0,360.0,24.0,180.0,0.0,2.0,-1.0591403,0.99547154,,0.0,3.5273404,False
8834,2026-05-18 05:00:00,11,0.7968208562260446,1.0,16.0,360.0,24.0,180.0,0.0,2.0,-1.0588121,0.99469405,,0.0,3.4841497,False
8834,2026-05-18 07:00:00,11,0.7968208562260446,1.0,16.0,360.0,24.0,180.0,0.0,2.0,-1.0592338,0.9954781,,0.0,3.6044495,False
8834,2026-05-18 09:00:00,11,0.7968208562260446,1.0,16.0,360.0,24.0,180.0,0.0,2.0,-1.0602858,0.994425,,0.0,3.577633,False
8834,2026-05-18 13:00:00,11,0.7968208562260446,1.0,16.0,360.0,24.0,180.0,0.0,2.0,-1.0607789,0.9952034,,0.0,3.4841492,False
8834,2026-05-18 15:00:00,11,0.7968208562260446,1.0,16.0,360.0,24.0,180.0,0.0,2.0,-1.0609844,0.9951982,,0.0,3.4335964,False
8834,2026-05-18 17:00:00,11,0.7968208562260446,1.0,16.0,360.0,24.0,180.0,0.0,2.0,-1.0603664,0.99519944,,0.0,3.4589381,False
8834,2026-05-18 19:00:00,11,0.7968208562260446,1.0,16.0,360.0,24.0,180.0,0.0,2.0,-1.0601593,0.99519557,,0.0,3.476788,False
8834,2026-05-18 21:00:00,11,0.7968208562260446,1.0,16.0,360.0,24.0,180.0,0.0,2.0,-1.0605699,0.99595606,,0.0,3.698251,False
8834,2026-05-18 23:00:00,11,0.7968208562260446,1.0,16.0,360.0,24.0,180.0,0.0,2.0,-1.0611407,0.99507326,,0.0,3.5272105,False
8834,2026-05-19 01:00:00,11,0.7968208562260446,1.0,16.0,360.0,24.0,180.0,0.0,2.0,-1.0609753,0.9950675,,0.0,3.534572,False
8834,2026-05-19 03:00:00,11,0.7968208562260446,1.0,16.0,360.0,24.0,180.0,0.0,2.0,-1.0615937,0.99506575,,0.0,3.4841492,False
8834,2026-05-19 05:00:00,11,0.7968208562260446,1.0,16.0,360.0,24.0,180.0,0.0,2.0,-1.0617993,0.99506456,,0.0,3.5522912,False
8834,2026-05-19 07:00:00,11,0.7968208562260446,1.0,16.0,360.0,24.0,180.0,0.0,2.0,-1.0622108,0.99505883,,0.0,3.6134613,False
8834,2026-05-19 09:00:00,11,0.7968208562260446,1.0,16.0,360.0,24.0,180.0,0.0,2.0,-1.062631,0.9942781,,0.0,3.5093608,False
8834,2026-05-19 11:00:00,11,0.7968208562260446,1.0,16.0,360.0,24.0,180.0,0.0,2.0,-1.0620536,0.99507177,,0.0,3.4841495,False
8834,2026-05-19 13:00:00,11,0.7968208562260446,1.0,16.0,360.0,24.0,180.0,0.0,2.0,-1.0615805,0.9951403,,0.0,3.5093603,False
8834,2026-05-19 15:00:00,11,0.7968208562260446,1.0,16.0,360.0,24.0,180.0,0.0,2.0,-1.0613016,0.9953631,,0.0,3.5272105,False
8834,2026-05-19 17:00:00,11,0.7968208562260446,1.0,16.0,360.0,24.0,180.0,0.0,2.0,-1.0600327,0.99548167,,0.0,3.458938,False
8834,2026-05-19 19:00:00,11,0.7968208562260446,1.0,16.0,360.0,24.0,180.0,0.0,2.0,-1.0601162,0.9947192,,0.0,3.5092306,False
8834,2026-05-19 21:00:00,11,0.7968208562260446,1.0,16.0,360.0,24.0,180.0,0.0,2.0,-1.059543,0.99551207,,0.0,3.4841487,False
8834,2026-05-19 23:00:00,11,0.7968208562260446,1.0,16.0,360.0,24.0,180.0,0.0,2.0,-1.0590101,0.99553174,,0.0,3.4844096,False
8834,2026-05-20 01:00:00,11,0.7968208562260446,1.0,16.0,360.0,24.0,180.0,0.0,2.0,-1.0587656,0.99554217,,0.0,3.5092301,False
8834,2026-05-20 03:00:00,11,0.7968208562260446,1.0,16.0,360.0,24.0,180.0,0.0,2.0,-1.0592879,0.99530023,,0.0,3.711254,False
8834,2026-05-20 05:00:00,11,0.7968208562260446,1.0,16.0,360.0,24.0,180.0,0.0,2.0,-1.0592878,0.99529827,,0.0,3.5094907,False
8834,2026-05-20 13:00:00,11,0.7968208562260446,1.0,16.0,306.0,21.0,153.0,0.0,2.0,-1.0585728,0.99419016,,0.0,3.5344412,False
8834,2026-05-20 15:00:00,11,0.7968208562260446,1.0,16.0,306.0,21.0,153.0,0.0,2.0,-1.0589073,0.9949887,,0.0,3.4840186,False
8834,2026-05-20 17:00:00,11,0.7968208562260446,1.0,16.0,306.0,21.0,153.0,0.0,2.0,-1.0581293,0.9949833,,0.0,3.4844096,False
8834,2026-05-20 19:00:00,11,0.7968208562260446,1.0,16.0,306.0,21.0,153.0,0.0,2.0,-1.0575137,0.99524635,,0.0,3.4841485,False
8834,2026-05-20 21:00:00,11,0.7968208562260446,1.0,16.0,306.0,21.0,153.0,0.0,2.0,-1.0570544,0.9952526,,0.0,3.5094907,False
8834,2026-05-20 23:00:00,11,0.7968208562260446,1.0,16.0,306.0,21.0,153.0,0.0,2.0,-1.0571798,0.99602365,,0.0,3.4591975,False
8834,2026-05-21 01:00:00,11,0.7968208562260446,1.0,16.0,306.0,21.0,153.0,0.0,2.0,-1.0571374,0.9952405,,0.0,3.484019,False
8834,2026-05-21 03:00:00,11,0.7968208562260446,1.0,16.0,306.0,21.0,153.0,0.0,2.0,-1.0572628,0.9944608,,0.0,3.5093608,False
8834,2026-05-21 05:00:00,11,0.7968208562260446,1.0,16.0,306.0,21.0,153.0,0.0,2.0,-1.0570949,0.99523526,,0.0,3.4590678,False
8834,2026-05-21 07:00:00,11,0.7968208562260446,1.0,16.0,314.0,21.0,157.0,0.0,2.0,-1.057457,0.9949903,,0.0,3.5273407,False
8834,2026-05-21 09:00:00,11,0.7968208562260446,1.0,16.0,344.0,23.0,172.0,0.0,2.0,-1.0566489,0.9950971,,0.0,3.6359792,False
8834,2026-05-21 11:00:00,11,0.7968208562260446,1.0,16.0,360.0,24.0,180.0,0.0,2.0,-1.0568585,0.9951935,,0.0,3.5411563,False
8834,2026-05-21 13:00:00,11,0.7968208562260446,1.0,16.0,360.0,24.0,180.0,0.0,2.0,-1.0563673,0.99519855,,0.0,3.5347018,False
8834,2026-05-21 15:00:00,11,0.7968208562260446,1.0,16.0,360.0,24.0,180.0,0.0,2.0,-1.056618,0.99441886,,0.0,3.6274087,False
8834,2026-05-21 17:00:00,11,0.7968208562260446,1.0,16.0,360.0,24.0,180.0,0.0,2.0,-1.0572762,0.99517196,,0.0,3.552552,False
8834,2026-05-21 19:00:00,11,0.7968208562260446,1.0,16.0,360.0,24.0,180.0,0.0,2.0,-1.0582567,0.99514973,,0.0,3.5093606,False
8834,2026-05-21 21:00:00,11,0.7968208562260446,1.0,16.0,360.0,24.0,180.0,0.0,2.0,-1.057963,0.9943678,,0.0,3.5093608,False
8834,2026-05-21 23:00:00,11,0.7968208562260446,1.0,16.0,360.0,24.0,180.0,0.0,2.0,-1.0583806,0.9951307,,0.0,3.4840188,False
8834,2026-05-22 01:00:00,11,0.7968208562260446,1.0,16.0,360.0,24.0,180.0,0.0,2.0,-1.0588409,0.99512905,,0.0,3.4842796,False
8834,2026-05-22 04:00:00,11,0.7968208562260446,1.0,16.0,360.0,24.0,180.0,0.0,2.0,-1.0586745,0.99513566,,0.0,3.4766574,False
8834,2026-05-22 06:00:00,11,0.7968208562260446,1.0,16.0,360.0,24.0,180.0,0.0,2.0,-1.0586745,0.99513656,,0.0,3.458938,False
8834,2026-05-22 08:00:00,11,0.7968208562260446,1.0,16.0,360.0,24.0,180.0,0.0,2.0,-1.0576732,0.99533236,,0.0,3.6390946,False
8834,2026-05-22 10:00:00,11,0.7968208562260446,1.0,16.0,360.0,24.0,180.0,0.0,2.0,-1.0565567,0.9952904,,0.0,3.4589381,False
8834,2026-05-22 12:00:00,11,0.7968208562260446,1.0,16.0,360.0,24.0,180.0,0.0,2.0,-1.0559946,0.99539846,,0.0,3.5273407,False
8834,2026-05-22 14:00:00,11,0.7968208562260446,1.0,16.0,360.0,24.0,180.0,0.0,2.0,-1.05579,0.99461865,,0.0,3.5272107,False
8834,2026-05-22 16:00:00,11,0.7968208562260446,1.0,16.0,360.0,24.0,180.0,0.0,2.0,-1.0557071,0.99539596,,0.0,3.5094905,False
8834,2026-05-22 18:00:00,11,0.7968208562260446,1.0,16.0,360.0,24.0,180.0,0.0,2.0,-1.0553056,0.99563843,,0.0,3.552552,False
8834,2026-05-22 20:00:00,11,0.7968208562260446,1.0,16.0,360.0,24.0,180.0,0.0,2.0,-1.0554308,0.99564266,,0.0,3.4586773,False
8834,2026-05-22 22:00:00,11,0.7968208562260446,1.0,16.0,360.0,24.0,180.0,0.0,2.0,-1.0556406,0.9956445,,0.0,3.4841495,False
8834,2026-05-23 00:00:00,11,0.7968208562260446,1.0,16.0,360.0,24.0,180.0,0.0,2.0,-1.05616,0.9956261,,0.0,3.5272105,False
8834,2026-05-23 02:00:00,11,0.7968208562260446,1.0,16.0,360.0,24.0,180.0,0.0,2.0,-1.056536,0.99562454,,0.0,3.458938,False
8834,2026-05-23 04:00:00,11,0.7968208562260446,1.0,16.0,360.0,24.0,180.0,0.0,2.0,-1.0563277,0.99485296,,0.0,3.5092306,False
8834,2026-05-23 06:00:00,11,0.7968208562260446,1.0,16.0,360.0,24.0,180.0,0.0,2.0,-1.0563277,0.99563104,,0.0,3.4586775,False
8834,2026-05-23 08:00:00,11,0.7968208562260446,1.0,16.0,360.0,24.0,180.0,0.0,2.0,-1.0562024,0.99563277,,0.0,3.5347023,False
8834,2026-05-23 10:00:00,11,0.7968208562260446,1.0,16.0,360.0,24.0,180.0,0.0,2.0,-1.056453,0.9956304,,0.0,3.5410256,False
8834,2026-05-23 12:00:00,11,0.7968208562260446,1.0,16.0,360.0,24.0,180.0,0.0,2.0,-1.0566798,0.9948385,,0.0,3.5019994,False
8834,2026-05-23 14:00:00,11,0.7968208562260446,1.0,16.0,360.0,24.0,180.0,0.0,2.0,-1.0566798,0.99561113,,0.0,3.5092304,False
8834,2026-05-23 16:00:00,11,0.7968208562260446,1.0,16.0,360.0,24.0,180.0,0.0,2.0,-1.0563462,0.9956174,,0.0,3.50923,False
8834,2026-05-23 18:00:00,11,0.7968208562260446,1.0,16.0,360.0,24.0,180.0,0.0,2.0,-1.0567223,0.99484426,,0.0,3.5345721,False
8834,2026-05-23 20:00:00,11,0.7968208562260446,1.0,16.0,360.0,24.0,180.0,0.0,2.0,-1.0563886,0.9956254,,0.0,3.458938,False
8834,2026-05-23 22:00:00,11,0.7968208562260446,1.0,16.0,360.0,24.0,180.0,0.0,2.0,-1.0563056,0.9956312,,0.0,3.4841495,False
8834,2026-05-24 00:00:00,11,0.7968208562260446,1.0,16.0,360.0,24.0,180.0,0.0,2.0,-1.0565563,0.9956312,,0.0,3.4588077,False
8834,2026-05-24 02:00:00,11,0.7968208562260446,1.0,16.0,360.0,24.0,180.0,0.0,2.0,-1.0565563,0.99562824,,0.0,3.5093606,False
8834,2026-05-24 04:00:00,11,0.7968208562260446,1.0,16.0,360.0,24.0,180.0,0.0,2.0,-1.0566818,0.995628,,0.0,3.509491,False
8834,2026-05-24 06:00:00,11,0.7968208562260446,1.0,16.0,360.0,24.0,180.0,0.0,2.0,-1.0564734,0.99563515,,0.0,3.5092304,False
8834,2026-05-24 08:00:00,11,0.7968208562260446,1.0,16.0,360.0,24.0,180.0,0.0,2.0,-1.0566818,0.99562824,,0.0,3.5272105,False
8834,2026-05-24 10:00:00,11,0.7968208562260446,1.0,16.0,360.0,24.0,180.0,0.0,2.0,-1.0561398,0.99564207,,0.0,3.4842794,False
8834,2026-05-24 12:00:00,11,0.7968208562260446,1.0,16.0,360.0,24.0,180.0,0.0,2.0,-1.0562651,0.9956562,,0.0,3.4842796,False
8834,2026-05-24 14:00:00,11,0.7968208562260446,1.0,16.0,360.0,24.0,180.0,0.0,2.0,-1.0560789,0.99565077,,0.0,3.4841495,False
8834,2026-05-24 16:00:00,11,0.7968208562260446,1.0,16.0,360.0,24.0,180.0,0.0,2.0,-1.0563295,0.9956447,,0.0,3.5021296,False
8834,2026-05-24 18:00:00,11,0.7968208562260446,1.0,16.0,360.0,24.0,180.0,0.0,2.0,-1.0558285,0.99565166,,0.0,3.484019,False
8834,2026-05-24 20:00:00,11,0.7968208562260446,1.0,16.0,360.0,24.0,180.0,0.0,2.0,-1.0559961,0.99488664,,0.0,3.5272107,False
8834,2026-05-24 22:00:00,11,0.7968208562260446,1.0,16.0,360.0,24.0,180.0,0.0,2.0,-1.0559537,0.995659,,0.0,3.484019,False
8834,2026-05-25 00:00:00,11,0.7968208562260446,1.0,16.0,360.0,24.0,180.0,0.0,2.0,-1.0554953,0.9956626,,0.0,3.4842794,False
8834,2026-05-25 02:00:00,11,0.7968208562260446,1.0,16.0,360.0,24.0,180.0,0.0,2.0,-1.0559537,0.99565315,,0.0,3.5347023,False
8834,2026-05-25 04:00:00,11,0.7968208562260446,1.0,16.0,360.0,24.0,180.0,0.0,2.0,-1.0558708,0.99565744,,0.0,3.5093606,False
8834,2026-05-25 06:00:00,11,0.7968208562260446,1.0,16.0,360.0,24.0,180.0,0.0,2.0,-1.0565158,0.9956395,,0.0,3.4841495,False
8834,2026-05-25 10:00:00,11,0.7968208562260446,1.0,16.0,360.0,24.0,180.0,0.0,2.0,-1.0561093,0.9957588,,0.0,3.566237,False
8834,2026-05-25 14:00:00,11,0.7968208562260446,1.0,16.0,360.0,24.0,180.0,0.0,2.0,-1.0632856,0.99434394,,0.0,3.5726914,False
8834,2026-05-25 16:00:00,11,0.7968208562260446,1.0,16.0,360.0,24.0,180.0,0.0,2.0,-1.0638943,0.9943227,,0.0,3.5017383,False
8834,2026-05-25 18:00:00,11,0.7968208562260446,1.0,16.0,360.0,24.0,180.0,0.0,2.0,-1.064021,0.9943216,,0.0,3.4588077,False
8834,2026-05-25 20:00:00,11,0.7968208562260446,1.0,16.0,360.0,24.0,180.0,0.0,2.0,-1.0641495,0.9935589,,0.0,3.5344417,False
8834,2026-05-25 22:00:00,11,0.7968208562260446,1.0,16.0,360.0,24.0,180.0,0.0,2.0,-1.0633117,0.99444556,,0.0,3.4841495,False
8834,2026-05-26 00:00:00,11,0.7968208562260446,1.0,16.0,360.0,24.0,180.0,0.0,2.0,-1.0630605,0.9944648,,0.0,3.4841492,False
8834,2026-05-26 02:00:00,11,0.7968208562260446,1.0,16.0,360.0,24.0,180.0,0.0,2.0,-1.0635494,0.9942153,,0.0,3.5525846,False
8834,2026-05-26 04:00:00,11,0.7968208562260446,1.0,16.0,360.0,24.0,180.0,0.0,2.0,-1.0635494,0.9942164,,0.0,3.458938,False
8834,2026-05-26 06:00:00,11,0.7968208562260446,1.0,16.0,360.0,24.0,180.0,0.0,2.0,-1.0629597,0.99422324,,0.0,3.509491,False
8834,2026-05-25 08:00:00,11,0.7960788792770113,1.0,16.0,360.0,24.0,180.0,0.0,2.0,-1.0560263,0.997496,,0.0,3.743649,False
8834,2026-04-18 02:00:00,11,0.79578228198764,1.0,14.0,194.0,13.0,97.0,0.0,2.0,-1.0118577,0.93733346,,0.0,3.4336145,False
8834,2026-04-18 04:00:00,11,0.79578228198764,1.0,14.0,224.0,15.0,112.0,0.0,2.0,-1.0135368,0.9443004,,0.0,3.4912407,False
8834,2026-04-18 06:00:00,11,0.79578228198764,1.0,14.0,254.0,17.0,127.0,0.0,2.0,-1.0149223,0.95138836,,0.0,3.4625764,False
8834,2026-04-18 08:00:00,11,0.79578228198764,1.0,14.0,284.0,19.0,142.0,0.0,2.0,-1.0162508,0.95551515,,0.0,3.4915385,False
8834,2026-04-18 10:00:00,11,0.79578228198764,1.0,14.0,314.0,21.0,157.0,0.0,2.0,-1.0173416,0.9595167,,0.0,3.462428,False
8834,2026-04-18 12:00:00,11,0.79578228198764,1.0,12.0,342.0,23.0,171.0,0.0,2.0,-1.0181767,1.2124271,,0.0,3.558806,False
8834,2026-04-18 14:00:00,11,0.79578228198764,1.0,14.0,358.0,24.0,179.0,0.0,2.0,-1.0191696,0.9647478,,0.0,3.4625766,False
8834,2026-04-18 16:00:00,11,0.79578228198764,1.0,14.0,358.0,24.0,179.0,0.0,2.0,-1.0204455,0.9667586,,0.0,3.4624276,False
8834,2026-04-18 18:00:00,11,0.79578228198764,1.0,14.0,358.0,24.0,179.0,0.0,2.0,-1.0209476,0.9692244,,0.0,3.4625766,False
8834,2026-04-18 20:00:00,11,0.79578228198764,1.0,14.0,358.0,24.0,179.0,0.0,2.0,-1.0222538,0.97123396,,0.0,3.4625766,False
8834,2026-04-18 22:00:00,11,0.79578228198764,1.0,14.0,358.0,24.0,179.0,0.0,2.0,-1.0222203,0.972772,,0.0,3.4829764,False
8834,2026-04-19 00:00:00,11,0.79578228198764,1.0,14.0,358.0,24.0,179.0,0.0,2.0,-1.0233159,0.9743401,,0.0,3.4627256,False
8834,2026-04-19 02:00:00,11,0.79578228198764,1.0,14.0,358.0,24.0,179.0,0.0,2.0,-1.0229571,0.97550744,,0.0,3.491538,False
8834,2026-04-19 04:00:00,11,0.79578228198764,1.0,14.0,358.0,24.0,179.0,0.0,2.0,-1.0235668,0.97677624,,0.0,3.4625766,False
8834,2026-04-19 06:00:00,11,0.79578228198764,1.0,14.0,358.0,24.0,179.0,0.0,2.0,-1.0238773,0.9777881,,0.0,3.462428,False
8834,2026-04-19 08:00:00,11,0.79578228198764,1.0,14.0,358.0,24.0,179.0,0.0,2.0,-1.0239252,0.9787244,,0.0,3.4625764,False
8834,2026-04-19 10:00:00,11,0.79578228198764,1.0,14.0,356.0,24.0,178.0,0.0,2.0,-1.0242956,0.9788862,,0.0,3.4913895,False
8834,2026-04-19 12:00:00,11,0.79578228198764,1.0,14.0,358.0,24.0,179.0,0.0,2.0,-1.0268974,0.9804066,,0.0,3.589213,False
8834,2026-04-19 14:00:00,11,0.79578228198764,1.0,14.0,358.0,24.0,179.0,0.0,2.0,-1.0266048,0.98049754,,0.0,3.433912,False
8834,2026-04-19 16:00:00,11,0.79578228198764,1.0,14.0,358.0,24.0,179.0,0.0,2.0,-1.0265244,0.981224,,0.0,3.4625764,False
8834,2026-04-19 18:00:00,11,0.79578228198764,1.0,14.0,358.0,24.0,179.0,0.0,2.0,-1.0263569,0.98186266,,0.0,3.4337635,False
8834,2026-04-19 20:00:00,11,0.79578228198764,1.0,14.0,358.0,24.0,179.0,0.0,2.0,-1.0262262,0.98248863,,0.0,3.4915385,False
8834,2026-04-19 22:00:00,11,0.79578228198764,1.0,14.0,358.0,24.0,179.0,0.0,2.0,-1.0269307,0.9829019,,0.0,3.4912407,False
8834,2026-04-20 00:00:00,11,0.79578228198764,1.0,14.0,358.0,24.0,179.0,0.0,2.0,-1.0273143,0.98358774,,0.0,3.4624276,False
8834,2026-04-20 02:00:00,11,0.79578228198764,1.0,14.0,358.0,24.0,179.0,0.0,2.0,-1.0276015,0.9840962,,0.0,3.4337635,False
8834,2026-04-20 04:00:00,11,0.79578228198764,1.0,14.0,358.0,24.0,179.0,0.0,2.0,-1.0270646,0.98461366,,0.0,3.4625766,False
8834,2026-04-20 06:00:00,11,0.79578228198764,1.0,14.0,358.0,24.0,179.0,0.0,2.0,-1.027409,0.9850503,,0.0,3.4625766,False
8834,2026-05-17 16:00:00,11,0.7956340247845523,1.0,14.0,360.0,24.0,180.0,0.0,2.0,-0.90718704,0.9946952,,0.0,3.6558542,False
8834,2026-05-19 08:00:00,11,0.7954857952023336,1.0,14.0,360.0,24.0,180.0,0.0,2.0,-1.0624167,1.0027652,,0.0,3.701251,False
8834,2026-05-13 07:00:00,11,0.7953375932358383,1.0,12.0,356.0,24.0,178.0,0.0,2.0,-1.0623477,1.2636752,,0.0,3.6760316,False
8834,2026-05-25 15:00:00,11,0.7953375932358383,1.0,14.0,360.0,24.0,180.0,0.0,2.0,-1.0632205,1.0028192,,0.0,3.5117486,False
8834,2026-05-10 19:00:00,11,0.7951894188799212,1.0,15.0,359.0,24.0,180.0,0.0,2.0,-1.0630915,0.98635566,,0.0,3.670216,False
8834,2026-05-10 20:00:00,11,0.7951894188799212,1.0,15.0,360.0,24.0,180.0,0.0,2.0,-1.0628923,0.9864167,,0.0,3.3507721,False
8834,2026-05-06 19:00:00,11,0.7950412721294386,1.0,16.0,176.0,12.0,88.0,0.0,2.0,-1.056065,0.8617875,,0.0,3.5629072,False
8834,2026-05-06 22:00:00,11,0.7950412721294386,1.0,14.0,220.0,15.0,110.0,0.0,2.0,-1.067424,0.88550293,,0.0,3.6258519,False
8834,2026-05-07 00:00:00,11,0.7950412721294386,1.0,14.0,250.0,17.0,125.0,0.0,2.0,-1.0721523,0.8964489,,0.0,3.689785,False
8834,2026-05-07 02:00:00,11,0.7950412721294386,1.0,14.0,280.0,19.0,140.0,0.0,2.0,-1.0698593,0.90591997,,0.0,3.482827,False
8834,2026-05-07 04:00:00,11,0.7950412721294386,1.0,14.0,310.0,21.0,155.0,0.0,2.0,-1.0701231,0.9140545,,0.0,3.613868,False
8834,2026-05-07 06:00:00,11,0.7950412721294386,1.0,14.0,340.0,23.0,170.0,0.0,2.0,-1.0750582,0.91551256,,0.0,3.605603,False
8834,2026-05-09 16:00:00,11,0.7950412721294386,1.0,14.0,360.0,24.0,180.0,0.0,2.0,-1.0629195,0.97333115,,0.0,3.462428,False
8834,2026-05-09 18:00:00,11,0.7950412721294386,1.0,14.0,360.0,24.0,180.0,0.0,2.0,-1.0626453,0.9739637,,0.0,3.5202024,False
8834,2026-05-09 20:00:00,11,0.7950412721294386,1.0,14.0,360.0,24.0,180.0,0.0,2.0,-1.0628524,0.9746811,,0.0,3.4913895,False
8834,2026-05-09 22:00:00,11,0.7950412721294386,1.0,14.0,360.0,24.0,180.0,0.0,2.0,-1.0628244,0.9750827,,0.0,3.5779772,False
8834,2026-05-10 00:00:00,11,0.7950412721294386,1.0,14.0,360.0,24.0,180.0,0.0,2.0,-1.0624832,0.9755338,,0.0,3.4912407,False
8834,2026-05-10 02:00:00,11,0.7950412721294386,1.0,14.0,360.0,24.0,180.0,0.0,2.0,-1.0628749,0.9761965,,0.0,3.4625766,False
8834,2026-05-10 04:00:00,11,0.7950412721294386,1.0,14.0,360.0,24.0,180.0,0.0,2.0,-1.0627606,0.97591645,,0.0,3.4826791,False
8834,2026-05-10 06:00:00,11,0.7950412721294386,1.0,14.0,360.0,24.0,180.0,0.0,2.0,-1.0617652,0.9771601,,0.0,3.4625769,False
8834,2026-05-10 08:00:00,11,0.7950412721294386,1.0,14.0,360.0,24.0,180.0,0.0,2.0,-1.0614468,0.97680694,,0.0,3.5406027,False
8834,2026-05-10 10:00:00,11,0.7950412721294386,1.0,14.0,360.0,24.0,180.0,0.0,2.0,-1.0610061,0.97800523,,0.0,3.4627254,False
8834,2026-05-10 12:00:00,11,0.7950412721294386,1.0,14.0,360.0,24.0,180.0,0.0,2.0,-1.0629601,0.9854916,,0.0,3.5202026,False
8834,2026-05-10 14:00:00,11,0.7950412721294386,1.0,14.0,360.0,24.0,180.0,0.0,2.0,-1.0628476,0.9857165,,0.0,3.5202026,False
8834,2026-05-10 16:00:00,11,0.7950412721294386,1.0,14.0,360.0,24.0,180.0,0.0,2.0,-1.0630716,0.985947,,0.0,3.5117896,False
8834,2026-05-10 18:00:00,11,0.7950412721294386,1.0,14.0,360.0,24.0,180.0,0.0,2.0,-1.0628216,0.9861955,,0.0,3.5406024,False
8834,2026-05-10 21:00:00,11,0.7950412721294386,1.0,14.0,358.0,24.0,179.0,0.0,2.0,-1.0629201,0.9858081,,0.0,3.520352,False
8834,2026-05-10 23:00:00,11,0.7950412721294386,1.0,14.0,358.0,24.0,179.0,0.0,2.0,-1.0628448,0.98680764,,0.0,3.4624276,False
8834,2026-05-11 01:00:00,11,0.7950412721294386,1.0,14.0,358.0,24.0,179.0,0.0,2.0,-1.0623283,0.98701763,,0.0,3.4915378,False
8834,2026-05-11 03:00:00,11,0.7950412721294386,1.0,14.0,358.0,24.0,179.0,0.0,2.0,-1.0619215,0.98718965,,0.0,3.5117888,False
8834,2026-05-11 05:00:00,11,0.7950412721294386,1.0,14.0,358.0,24.0,179.0,0.0,2.0,-1.0618817,0.98735136,,0.0,3.462428,False
8834,2026-05-11 07:00:00,11,0.7950412721294386,1.0,14.0,358.0,24.0,179.0,0.0,2.0,-1.0615234,0.9875881,,0.0,3.4912405,False
8834,2026-05-11 09:00:00,11,0.7950412721294386,1.0,14.0,358.0,24.0,179.0,0.0,2.0,-1.061149,0.98775333,,0.0,3.491538,False
8834,2026-05-11 11:00:00,11,0.7950412721294386,1.0,14.0,358.0,24.0,179.0,0.0,2.0,-1.0606351,0.98793507,,0.0,3.4624276,False
8834,2026-05-11 13:00:00,11,0.7950412721294386,1.0,14.0,358.0,24.0,179.0,0.0,2.0,-1.06011,0.9873445,,0.0,3.49139,False
8834,2026-05-11 15:00:00,11,0.7950412721294386,1.0,14.0,358.0,24.0,179.0,0.0,2.0,-1.0596628,0.98829126,,0.0,3.5202026,False
8834,2026-05-11 17:00:00,11,0.7950412721294386,1.0,14.0,358.0,24.0,179.0,0.0,2.0,-1.0594288,0.9884549,,0.0,3.4913898,False
8834,2026-05-11 19:00:00,11,0.7950412721294386,1.0,14.0,359.0,24.0,179.0,0.0,2.0,-1.0592307,0.98861355,,0.0,3.4627254,False
8834,2026-05-11 21:00:00,11,0.7950412721294386,1.0,14.0,360.0,24.0,180.0,0.0,2.0,-1.0587983,0.98872674,,0.0,3.5116405,False
8834,2026-05-11 23:00:00,11,0.7950412721294386,1.0,14.0,360.0,24.0,180.0,0.0,2.0,-1.0590104,0.9889054,,0.0,3.5203516,False
8834,2026-05-12 01:00:00,11,0.7950412721294386,1.0,14.0,360.0,24.0,180.0,0.0,2.0,-1.0590078,0.9890493,,0.0,3.4625766,False
8834,2026-05-12 03:00:00,11,0.7950412721294386,1.0,14.0,360.0,24.0,180.0,0.0,2.0,-1.0585597,0.98919046,,0.0,3.4915385,False
8834,2026-05-12 05:00:00,11,0.7950412721294386,1.0,14.0,360.0,24.0,180.0,0.0,2.0,-1.0584152,0.9893099,,0.0,3.520351,False
8834,2026-05-12 07:00:00,11,0.7950412721294386,1.0,14.0,360.0,24.0,180.0,0.0,2.0,-1.0581316,0.98867637,,0.0,3.5406024,False
8834,2026-05-12 09:00:00,11,0.7950412721294386,1.0,14.0,360.0,24.0,180.0,0.0,2.0,-1.0588357,0.9894285,,0.0,3.4913898,False
8834,2026-05-12 11:00:00,11,0.7950412721294386,1.0,14.0,360.0,24.0,180.0,0.0,2.0,-1.0595044,0.98955685,,0.0,3.5404532,False
8834,2026-05-12 13:00:00,11,0.7950412721294386,1.0,14.0,360.0,24.0,180.0,0.0,2.0,-1.0599153,0.98961556,,0.0,3.4337635,False
8834,2026-05-12 14:00:00,11,0.7950412721294386,1.0,14.0,358.0,24.0,179.0,0.0,2.0,-1.0597118,0.98888546,,0.0,3.5778286,False
8834,2026-05-12 16:00:00,11,0.7950412721294386,1.0,16.0,358.0,24.0,179.0,0.0,2.0,-1.0626833,0.99337417,,0.0,3.8084078,False
8834,2026-05-12 17:00:00,11,0.7950412721294386,1.0,14.0,358.0,24.0,179.0,0.0,2.0,-1.0625678,0.99344724,,0.0,3.4826784,False
8834,2026-05-12 19:00:00,11,0.7950412721294386,1.0,14.0,358.0,24.0,179.0,0.0,2.0,-1.0618887,0.9934938,,0.0,3.610363,False
8834,2026-05-12 21:00:00,11,0.7950412721294386,1.0,14.0,358.0,24.0,179.0,0.0,2.0,-1.0622436,0.9927788,,0.0,3.5117898,False
8834,2026-05-12 23:00:00,11,0.7950412721294386,1.0,14.0,358.0,24.0,179.0,0.0,2.0,-1.0624989,0.9935902,,0.0,3.5694149,False
8834,2026-05-13 01:00:00,11,0.7950412721294386,1.0,14.0,358.0,24.0,179.0,0.0,2.0,-1.0626389,0.9936448,,0.0,3.5116405,False
8834,2026-05-13 03:00:00,11,0.7950412721294386,1.0,14.0,358.0,24.0,179.0,0.0,2.0,-1.0623468,0.9936952,,0.0,3.4915388,False
8834,2026-05-13 05:00:00,11,0.7950412721294386,1.0,14.0,358.0,24.0,179.0,0.0,2.0,-1.0623033,0.99375695,,0.0,3.4625769,False
8834,2026-05-13 11:00:00,11,0.7950412721294386,1.0,14.0,356.0,24.0,178.0,0.0,2.0,-1.0623822,0.9966208,,0.0,3.4829762,False
8834,2026-05-13 13:00:00,11,0.7950412721294386,1.0,14.0,356.0,24.0,178.0,0.0,2.0,-1.0623821,0.99583566,,0.0,3.4913898,False
8834,2026-05-13 17:00:00,11,0.7950412721294386,1.0,14.0,358.0,24.0,179.0,0.0,2.0,-1.062058,0.9950883,,0.0,3.4913898,False
8834,2026-05-13 19:00:00,11,0.7950412721294386,1.0,14.0,358.0,24.0,179.0,0.0,2.0,-1.0623167,0.99486035,,0.0,3.5406022,False
8834,2026-05-13 21:00:00,11,0.7950412721294386,1.0,14.0,358.0,24.0,179.0,0.0,2.0,-1.0619051,0.994873,,0.0,3.5694149,False
8834,2026-05-13 23:00:00,11,0.7950412721294386,1.0,14.0,358.0,24.0,179.0,0.0,2.0,-1.0610462,0.99492204,,0.0,3.4913898,False
8834,2026-05-14 01:00:00,11,0.7950412721294386,1.0,14.0,358.0,24.0,179.0,0.0,2.0,-1.0604472,0.9951627,,0.0,3.4913898,False
8834,2026-05-14 03:00:00,11,0.7950412721294386,1.0,14.0,358.0,24.0,179.0,0.0,2.0,-1.060489,0.99516916,,0.0,3.5202026,False
8834,2026-05-14 05:00:00,11,0.7950412721294386,1.0,14.0,358.0,24.0,179.0,0.0,2.0,-1.0600185,0.9951999,,0.0,3.4913895,False
8834,2026-05-14 07:00:00,11,0.7950412721294386,1.0,14.0,360.0,24.0,180.0,0.0,2.0,-1.0591555,0.9952134,,0.0,3.5404534,False
8834,2026-05-14 09:00:00,11,0.7950412721294386,1.0,14.0,360.0,24.0,180.0,0.0,2.0,-1.0592564,0.9960117,,0.0,3.4625764,False
8834,2026-05-14 13:00:00,11,0.7950412721294386,1.0,14.0,360.0,24.0,180.0,0.0,2.0,-1.0600157,0.9973765,,0.0,3.4627235,False
8834,2026-05-14 15:00:00,11,0.7950412721294386,1.0,14.0,360.0,24.0,180.0,0.0,2.0,-1.0598104,0.99582845,,0.0,3.433615,False
8834,2026-05-14 17:00:00,11,0.7950412721294386,1.0,14.0,360.0,24.0,180.0,0.0,2.0,-1.059635,0.9958125,,0.0,3.4915385,False
8834,2026-05-14 19:00:00,11,0.7950412721294386,1.0,14.0,360.0,24.0,180.0,0.0,2.0,-1.0589818,0.99581444,,0.0,3.4625764,False
8834,2026-05-14 21:00:00,11,0.7950412721294386,1.0,14.0,360.0,24.0,180.0,0.0,2.0,-1.0590869,0.9950482,,0.0,3.5491648,False
8834,2026-05-14 23:00:00,11,0.7950412721294386,1.0,14.0,360.0,24.0,180.0,0.0,2.0,-1.0589635,0.99582535,,0.0,3.4912407,False
8834,2026-05-15 01:00:00,11,0.7950412721294386,1.0,14.0,360.0,24.0,180.0,0.0,2.0,-1.0584705,0.99583465,,0.0,3.5407515,False
8834,2026-05-15 03:00:00,11,0.7950412721294386,1.0,14.0,360.0,24.0,180.0,0.0,2.0,-1.0580318,0.9960693,,0.0,3.5119379,False
8834,2026-05-15 05:00:00,11,0.7950412721294386,1.0,14.0,360.0,24.0,180.0,0.0,2.0,-1.0573981,0.99529874,,0.0,3.5202029,False
8834,2026-05-15 10:00:00,11,0.7950412721294386,1.0,14.0,358.0,24.0,179.0,0.0,2.0,-1.0591239,0.9958078,,0.0,3.4912405,False
8834,2026-05-15 12:00:00,11,0.7950412721294386,1.0,14.0,358.0,24.0,179.0,0.0,2.0,-1.0596774,0.99657553,,0.0,3.6377969,False
8834,2026-05-15 14:00:00,11,0.7950412721294386,1.0,14.0,358.0,24.0,179.0,0.0,2.0,-1.0604129,0.9956961,,0.0,3.4913898,False
8834,2026-05-15 16:00:00,11,0.7950412721294386,1.0,14.0,358.0,24.0,179.0,0.0,2.0,-1.0602077,0.99570256,,0.0,3.5202026,False
8834,2026-05-15 18:00:00,11,0.7950412721294386,1.0,14.0,358.0,24.0,179.0,0.0,2.0,-1.0606034,0.9954655,,0.0,3.5119379,False
8834,2026-05-15 20:00:00,11,0.7950412721294386,1.0,14.0,358.0,24.0,179.0,0.0,2.0,-1.0603963,0.995468,,0.0,3.53204,False
8834,2026-05-15 22:00:00,11,0.7950412721294386,1.0,14.0,358.0,24.0,179.0,0.0,2.0,-1.0603963,0.99545765,,0.0,3.4829757,False
8834,2026-05-16 00:00:00,11,0.7950412721294386,1.0,14.0,358.0,24.0,179.0,0.0,2.0,-1.0601075,0.9954537,,0.0,3.433615,False
8834,2026-05-16 02:00:00,11,0.7950412721294386,1.0,14.0,358.0,24.0,179.0,0.0,2.0,-1.0601075,0.99545497,,0.0,3.4913898,False
8834,2026-05-16 04:00:00,11,0.7950412721294386,1.0,14.0,358.0,24.0,179.0,0.0,2.0,-1.0601892,0.9954485,,0.0,3.491538,False
8834,2026-05-16 06:00:00,11,0.7950412721294386,1.0,14.0,358.0,24.0,179.0,0.0,2.0,-1.0599422,0.9954511,,0.0,3.4831254,False
8834,2026-05-16 08:00:00,11,0.7950412721294386,1.0,14.0,360.0,24.0,180.0,0.0,2.0,-1.0594903,0.9954589,,0.0,3.5200536,False
8834,2026-05-16 10:00:00,11,0.7950412721294386,1.0,14.0,360.0,24.0,180.0,0.0,2.0,-1.059367,0.99545765,,0.0,3.4913898,False
8834,2026-05-16 12:00:00,11,0.7950412721294386,1.0,14.0,360.0,24.0,180.0,0.0,2.0,-1.0598606,0.9954563,,0.0,3.4913895,False
8834,2026-05-16 14:00:00,11,0.7950412721294386,1.0,14.0,360.0,24.0,180.0,0.0,2.0,-1.0599023,0.9954673,,0.0,3.5202026,False
8834,2026-05-16 16:00:00,11,0.7950412721294386,1.0,14.0,360.0,24.0,180.0,0.0,2.0,-1.0602728,0.9954608,,0.0,3.5491645,False
8834,2026-05-16 18:00:00,11,0.7950412721294386,1.0,14.0,360.0,24.0,180.0,0.0,2.0,-1.0600675,0.9954712,,0.0,3.5117893,False
8834,2026-05-16 20:00:00,11,0.7950412721294386,1.0,14.0,360.0,24.0,180.0,0.0,2.0,-1.059944,0.995466,,0.0,3.4913895,False
8834,2026-05-16 22:00:00,11,0.7950412721294386,1.0,14.0,360.0,24.0,180.0,0.0,2.0,-1.0599023,0.9954602,,0.0,3.4829764,False
8834,2026-05-17 00:00:00,11,0.7950412721294386,1.0,14.0,360.0,24.0,180.0,0.0,2.0,-1.0596554,0.9954615,,0.0,3.5203516,False
8834,2026-05-17 02:00:00,11,0.7950412721294386,1.0,14.0,360.0,24.0,180.0,0.0,2.0,-1.0592037,0.99469113,,0.0,3.4912412,False
8834,2026-05-17 04:00:00,11,0.7950412721294386,1.0,14.0,360.0,24.0,180.0,0.0,2.0,-1.0588754,0.99548316,,0.0,3.5695639,False
8834,2026-05-17 06:00:00,11,0.7950412721294386,1.0,14.0,360.0,24.0,180.0,0.0,2.0,-1.0593687,0.99547446,,0.0,3.4913898,False
8834,2026-05-17 08:00:00,11,0.7950412721294386,1.0,14.0,360.0,24.0,180.0,0.0,2.0,-1.0594105,0.9954803,,0.0,3.4625766,False
8834,2026-05-17 10:00:00,11,0.7950412721294386,1.0,14.0,360.0,24.0,180.0,0.0,2.0,-1.0596573,0.9954789,,0.0,3.4627254,False
8834,2026-05-17 12:00:00,11,0.7950412721294386,1.0,14.0,360.0,24.0,180.0,0.0,2.0,-1.0596755,0.9954803,,0.0,3.55639,False
8834,2026-05-17 14:00:00,11,0.7950412721294386,1.0,14.0,360.0,24.0,180.0,0.0,2.0,-1.0596755,0.9954649,,0.0,3.462428,False
8834,2026-05-17 18:00:00,11,0.7950412721294386,1.0,14.0,360.0,24.0,180.0,0.0,2.0,-1.0593054,0.9954754,,0.0,3.4337637,False
8834,2026-05-17 20:00:00,11,0.7950412721294386,1.0,14.0,360.0,24.0,180.0,0.0,2.0,-1.0588937,0.9946922,,0.0,3.511492,False
8834,2026-05-17 22:00:00,11,0.7950412721294386,1.0,14.0,360.0,24.0,180.0,0.0,2.0,-1.0587705,0.9946928,,0.0,3.5982285,False
8834,2026-05-18 00:00:00,11,0.7950412721294386,1.0,14.0,360.0,24.0,180.0,0.0,2.0,-1.0590171,0.99546444,,0.0,3.5200536,False
8834,2026-05-18 02:00:00,11,0.7950412721294386,1.0,14.0,360.0,24.0,180.0,0.0,2.0,-1.0590171,0.99546576,,0.0,3.462428,False
8834,2026-05-18 04:00:00,11,0.7950412721294386,1.0,14.0,360.0,24.0,180.0,0.0,2.0,-1.0590171,0.99546635,,0.0,3.462428,False
8834,2026-05-18 06:00:00,11,0.7950412721294386,1.0,14.0,360.0,24.0,180.0,0.0,2.0,-1.0589355,0.9954781,,0.0,3.5200534,False
8834,2026-05-18 10:00:00,11,0.7950412721294386,1.0,14.0,360.0,24.0,180.0,0.0,2.0,-1.0606565,0.9951984,,0.0,3.4624276,False
8834,2026-05-18 12:00:00,11,0.7950412721294386,1.0,14.0,360.0,24.0,180.0,0.0,2.0,-1.0607789,0.9952034,,0.0,3.4625764,False
8834,2026-05-18 14:00:00,11,0.7950412721294386,1.0,14.0,360.0,24.0,180.0,0.0,2.0,-1.0609844,0.9952034,,0.0,3.5404534,False
8834,2026-05-18 16:00:00,11,0.7950412721294386,1.0,14.0,360.0,24.0,180.0,0.0,2.0,-1.0606135,0.9951988,,0.0,3.4339125,False
8834,2026-05-18 18:00:00,11,0.7950412721294386,1.0,14.0,360.0,24.0,180.0,0.0,2.0,-1.060201,0.9952007,,0.0,3.482828,False
8834,2026-05-18 20:00:00,11,0.7950412721294386,1.0,14.0,360.0,24.0,180.0,0.0,2.0,-1.0603646,0.995963,,0.0,3.5119367,False
8834,2026-05-18 22:00:00,11,0.7950412721294386,1.0,14.0,360.0,24.0,180.0,0.0,2.0,-1.0612644,0.9958618,,0.0,3.561149,False
8834,2026-05-19 00:00:00,11,0.7950412721294386,1.0,14.0,360.0,24.0,180.0,0.0,2.0,-1.0610989,0.9950681,,0.0,3.4336152,False
8834,2026-05-19 02:00:00,11,0.7950412721294386,1.0,14.0,360.0,24.0,180.0,0.0,2.0,-1.06147,0.9950675,,0.0,3.5775301,False
8834,2026-05-19 04:00:00,11,0.7950412721294386,1.0,14.0,360.0,24.0,180.0,0.0,2.0,-1.06147,0.99584466,,0.0,3.5203497,False
8834,2026-05-19 06:00:00,11,0.7950412721294386,1.0,14.0,360.0,24.0,180.0,0.0,2.0,-1.0616757,0.99505997,,0.0,3.4913888,False
8834,2026-05-19 10:00:00,11,0.7950412721294386,1.0,14.0,360.0,24.0,180.0,0.0,2.0,-1.0623834,0.99507177,,0.0,3.5117888,False
8834,2026-05-19 12:00:00,11,0.7950412721294386,1.0,14.0,360.0,24.0,180.0,0.0,2.0,-1.0619298,0.9950654,,0.0,3.5117896,False
8834,2026-05-19 14:00:00,11,0.7950412721294386,1.0,14.0,360.0,24.0,180.0,0.0,2.0,-1.0614568,0.9951398,,0.0,3.5202026,False
8834,2026-05-19 16:00:00,11,0.7950412721294386,1.0,14.0,360.0,24.0,180.0,0.0,2.0,-1.0604722,0.99555254,,0.0,3.6933308,False
8834,2026-05-19 18:00:00,11,0.7950412721294386,1.0,14.0,360.0,24.0,180.0,0.0,2.0,-1.0598694,0.99548876,,0.0,3.4913898,False
8834,2026-05-19 20:00:00,11,0.7950412721294386,1.0,14.0,360.0,24.0,180.0,0.0,2.0,-1.0597479,0.9955049,,0.0,3.4912407,False
8834,2026-05-19 22:00:00,11,0.7950412721294386,1.0,14.0,360.0,24.0,180.0,0.0,2.0,-1.0593382,0.9955244,,0.0,3.4625769,False
8834,2026-05-20 00:00:00,11,0.7950412721294386,1.0,14.0,360.0,24.0,180.0,0.0,2.0,-1.0587239,0.9947589,,0.0,3.5202029,False
8834,2026-05-20 02:00:00,11,0.7950412721294386,1.0,14.0,360.0,24.0,180.0,0.0,2.0,-1.0587655,0.99555,,0.0,3.4625764,False
8834,2026-05-20 04:00:00,11,0.7950412721294386,1.0,14.0,360.0,24.0,180.0,0.0,2.0,-1.0592879,0.99530023,,0.0,3.5202026,False
8834,2026-05-20 06:00:00,11,0.7950412721294386,1.0,14.0,360.0,24.0,180.0,0.0,2.0,-1.059411,0.99530417,,0.0,3.4913898,False
8834,2026-05-20 12:00:00,11,0.7950412721294386,1.0,14.0,306.0,21.0,153.0,0.0,2.0,-1.0586984,0.9941925,,0.0,3.4627256,False
8834,2026-05-20 14:00:00,11,0.7950412721294386,1.0,14.0,306.0,21.0,153.0,0.0,2.0,-1.0589073,0.99341035,,0.0,3.5406027,False
8834,2026-05-20 16:00:00,11,0.7950412721294386,1.0,14.0,306.0,21.0,153.0,0.0,2.0,-1.0583806,0.9949885,,0.0,3.51164,False
8834,2026-05-20 18:00:00,11,0.7950412721294386,1.0,14.0,306.0,21.0,153.0,0.0,2.0,-1.0581293,0.99498266,,0.0,3.4912405,False
8834,2026-05-20 20:00:00,11,0.7950412721294386,1.0,14.0,306.0,21.0,153.0,0.0,2.0,-1.0574307,0.99524343,,0.0,3.462428,False
8834,2026-05-20 22:00:00,11,0.7950412721294386,1.0,14.0,306.0,21.0,153.0,0.0,2.0,-1.0573052,0.9952524,,0.0,3.5692663,False
8834,2026-05-21 00:00:00,11,0.7950412721294386,1.0,14.0,306.0,21.0,153.0,0.0,2.0,-1.057012,0.9952426,,0.0,3.5407515,False
8834,2026-05-21 02:00:00,11,0.7950412721294386,1.0,14.0,306.0,21.0,153.0,0.0,2.0,-1.0572628,0.99446106,,0.0,3.49139,False
8834,2026-05-21 04:00:00,11,0.7950412721294386,1.0,14.0,306.0,21.0,153.0,0.0,2.0,-1.0573459,0.99523884,,0.0,3.4829764,False
8834,2026-05-21 06:00:00,11,0.7950412721294386,1.0,14.0,306.0,21.0,153.0,0.0,2.0,-1.057457,0.995237,,0.0,3.6631234,False
8834,2026-05-21 08:00:00,11,0.7950412721294386,1.0,14.0,328.0,22.0,164.0,0.0,2.0,-1.0571231,0.99509495,,0.0,3.540601,False
8834,2026-05-21 10:00:00,11,0.7950412721294386,1.0,14.0,358.0,24.0,179.0,0.0,2.0,-1.0571096,0.9951168,,0.0,3.556241,False
8834,2026-05-21 12:00:00,11,0.7950412721294386,1.0,14.0,360.0,24.0,180.0,0.0,2.0,-1.0561167,0.99519855,,0.0,3.5200536,False
8834,2026-05-21 14:00:00,11,0.7950412721294386,1.0,14.0,360.0,24.0,180.0,0.0,2.0,-1.0564926,0.99519736,,0.0,3.4913895,False
8834,2026-05-21 16:00:00,11,0.7950412721294386,1.0,14.0,360.0,24.0,180.0,0.0,2.0,-1.0571405,0.9951678,,0.0,3.5890658,False
8834,2026-05-21 18:00:00,11,0.7950412721294386,1.0,14.0,360.0,24.0,180.0,0.0,2.0,-1.0577544,0.9943723,,0.0,3.5849056,False
8834,2026-05-21 20:00:00,11,0.7950412721294386,1.0,14.0,360.0,24.0,180.0,0.0,2.0,-1.0581311,0.9951489,,0.0,3.5117893,False
8834,2026-05-21 22:00:00,11,0.7950412721294386,1.0,14.0,360.0,24.0,180.0,0.0,2.0,-1.0582548,0.9943669,,0.0,3.589964,False
8834,2026-05-22 00:00:00,11,0.7950412721294386,1.0,14.0,360.0,24.0,180.0,0.0,2.0,-1.0588409,0.9943446,,0.0,3.5404537,False
8834,2026-05-22 02:00:00,11,0.7950412721294386,1.0,14.0,360.0,24.0,180.0,0.0,2.0,-1.0586745,0.9951352,,0.0,3.4913895,False
8834,2026-05-22 03:00:00,11,0.7950412721294386,1.0,14.0,358.0,24.0,179.0,0.0,2.0,-1.0586745,0.99514246,,0.0,3.4625764,False
8834,2026-05-22 05:00:00,11,0.7950412721294386,1.0,14.0,358.0,24.0,179.0,0.0,2.0,-1.0586745,0.9951372,,0.0,3.4915385,False
8834,2026-05-22 07:00:00,11,0.7950412721294386,1.0,14.0,358.0,24.0,179.0,0.0,2.0,-1.0586319,0.9944336,,0.0,3.5694153,False
8834,2026-05-22 09:00:00,11,0.7950412721294386,1.0,14.0,358.0,24.0,179.0,0.0,2.0,-1.0568074,0.9952895,,0.0,3.433615,False
8834,2026-05-22 11:00:00,11,0.7950412721294386,1.0,14.0,358.0,24.0,179.0,0.0,2.0,-1.0561808,0.99530786,,0.0,3.4625764,False
8834,2026-05-22 13:00:00,11,0.7950412721294386,1.0,14.0,358.0,24.0,179.0,0.0,2.0,-1.0553317,0.99539846,,0.0,3.5117896,False
8834,2026-05-22 15:00:00,11,0.7950412721294386,1.0,14.0,358.0,24.0,179.0,0.0,2.0,-1.05579,0.99694204,,0.0,3.462425,False
8834,2026-05-22 17:00:00,11,0.7950412721294386,1.0,14.0,358.0,24.0,179.0,0.0,2.0,-1.0555819,0.9956811,,0.0,3.4624276,False
8834,2026-05-22 19:00:00,11,0.7950412721294386,1.0,14.0,358.0,24.0,179.0,0.0,2.0,-1.0552229,0.99564207,,0.0,3.540751,False
8834,2026-05-22 21:00:00,11,0.7950412721294386,1.0,14.0,358.0,24.0,179.0,0.0,2.0,-1.0552652,0.99564785,,0.0,3.5493133,False
8834,2026-05-22 23:00:00,11,0.7950412721294386,1.0,14.0,358.0,24.0,179.0,0.0,2.0,-1.0558267,0.99487096,,0.0,3.5275795,False
8834,2026-05-23 01:00:00,11,0.7950412721294386,1.0,14.0,358.0,24.0,179.0,0.0,2.0,-1.0562853,0.9956252,,0.0,3.4915388,False
8834,2026-05-23 03:00:00,11,0.7950412721294386,1.0,14.0,360.0,24.0,180.0,0.0,2.0,-1.0564106,0.9956306,,0.0,3.5203512,False
8834,2026-05-23 05:00:00,11,0.7950412721294386,1.0,14.0,360.0,24.0,180.0,0.0,2.0,-1.0563277,0.9956298,,0.0,3.4913898,False
8834,2026-05-23 07:00:00,11,0.7950412721294386,1.0,14.0,360.0,24.0,180.0,0.0,2.0,-1.0562024,0.9956395,,0.0,3.482976,False
8834,2026-05-23 09:00:00,11,0.7950412721294386,1.0,14.0,360.0,24.0,180.0,0.0,2.0,-1.0563277,0.9956304,,0.0,3.4912407,False
8834,2026-05-23 11:00:00,11,0.7950412721294386,1.0,14.0,360.0,24.0,180.0,0.0,2.0,-1.0567223,0.99561423,,0.0,3.5202026,False
8834,2026-05-23 13:00:00,11,0.7950412721294386,1.0,14.0,360.0,24.0,180.0,0.0,2.0,-1.0566798,0.9956126,,0.0,3.4913898,False
8834,2026-05-23 15:00:00,11,0.7950412721294386,1.0,14.0,360.0,24.0,180.0,0.0,2.0,-1.0565544,0.99561137,,0.0,3.4913898,False
8834,2026-05-23 17:00:00,11,0.7950412721294386,1.0,14.0,360.0,24.0,180.0,0.0,2.0,-1.0564716,0.9948409,,0.0,3.5202029,False
8834,2026-05-23 19:00:00,11,0.7950412721294386,1.0,14.0,360.0,24.0,180.0,0.0,2.0,-1.0566393,0.9956228,,0.0,3.5117896,False
8834,2026-05-23 21:00:00,11,0.7950412721294386,1.0,14.0,360.0,24.0,180.0,0.0,2.0,-1.0563056,0.99563056,,0.0,3.5202026,False
8834,2026-05-23 23:00:00,11,0.7950412721294386,1.0,14.0,360.0,24.0,180.0,0.0,2.0,-1.0565563,0.99562883,,0.0,3.5406024,False
8834,2026-05-24 01:00:00,11,0.7950412721294386,1.0,14.0,360.0,24.0,180.0,0.0,2.0,-1.056431,0.99563056,,0.0,3.491389,False
8834,2026-05-24 03:00:00,11,0.7950412721294386,1.0,14.0,360.0,24.0,180.0,0.0,2.0,-1.056807,0.9948501,,0.0,3.49139,False
