признак,gain,split
код_типа_датчика,11621830.056610107,621
start_rate_90d,6191927.606933594,110
n_start_2160h,3735762.9826049805,64
h_since_start,2919669.3957824707,205
h_since_alarm,2837527.67288208,216
start_gap_ewm,2019863.0020751953,296
weeks_with_start_12w,1361525.7797851562,48
start_same_window_1y_ago,1167488.8468933105,194
start_expected_in_h,964491.8291015625,224
state_last_ffill,684869.3591918945,250
start_gap_last,624875.1098022461,340
h_since_event,600348.4888000488,219
start_overdue,561592.4324035645,152
v_last_ffill,439837.8241882324,171
n_alarm_2160h,399411.5737915039,64
nbr_n_ev_168h,331340.2328186035,226
пикет,322914.18435668945,215
hist_h_90d,319193.8547363281,119
nbr_n_alarm_720h,317201.9640197754,220
мес_sin,295719.29052734375,191
start_same_window_14d_ago,295399.2667236328,52
weeks_with_start_4w,267767.2805175781,5
nbr_n_start_720h,249697.25216674805,147
n_start_720h,245556.18185424805,39
n_ev_2160h,245468.73724365234,128
мес_cos,240321.5112915039,157
nbr_n_tech_168h,228173.43661499023,119
h_since_tech,208879.36709594727,146
start_rate_ratio_168_2160,195133.39978027344,95
tech_rate_90d,191319.35641479492,121
n_alarm_raw_168h,168864.38888549805,32
n_tech_2160h,162802.28161621094,100
объект_охранный,154590.39013671875,34
alarm_share_168h,146562.64715576172,35
ldtz_max_max_168h,131388.58911132812,96
n_alarm_ref_168h,118720.50958251953,58
nbr_n_alarm_168h,117815.39849853516,80
n_ev_720h,113095.21649169922,78
n_alarm_720h,87547.47311401367,57
n_tech_720h,80275.90591430664,67
weeks_with_start_same_window_4w,72176.54309082031,15
h_since_v_pos,63383.399169921875,30
active_hours_168h,61225.42059326172,27
n_start_168h,61052.92562866211,22
v_slope_168h,59798.99499511719,29
v_max_max_168h,59797.66534423828,30
n_alarm_168h,59576.63293457031,14
nbr_n_start_168h,58431.08380126953,43
v_mean_168h,51744.73178100586,24
n_ev_168h,49164.970153808594,35
v_trend_24h,31969.940307617188,12
nbr_n_ev_24h,31547.929321289062,20
nbr_n_tech_24h,31547.760681152344,22
n_alarm_ref_24h,30911.242095947266,21
n_tech_168h,29707.947204589844,17
n_lowhist_168h,22409.20672607422,13
tech_share_168h,22365.573120117188,15
start_same_window_7d_ago,18107.709716796875,10
vz_absmax_max_168h,17329.255981445312,21
h_since_v_hi,16557.715087890625,12
nbr_n_alarm_24h,12393.157958984375,15
v_max_max_24h,11276.633087158203,11
n_v_pos_168h,11111.451904296875,4
n_alarm_24h,11048.60888671875,8
v_slope_1h,10223.169921875,3
n_ev_24h,8333.200073242188,5
active_hours_24h,7909.384124755859,10
v_mean_24h,7454.759094238281,7
n_v_pos_720h,5470.333068847656,3
ldtz_min_24h,4800.487060546875,7
nbr_n_start_24h,4480.586975097656,4
n_v_hi_720h,4345.832000732422,9
ldtz_max_max_24h,4343.607971191406,3
v_slope_6h,3883.4800415039062,4
v_drift_24_168,1928.9840087890625,4
nbr_n_ev_6h,1480.906005859375,2
n_v_pos_24h,1386.530029296875,1
v_std_max_24h,1297.0559692382812,2
nbr_n_tech_6h,1177.4200439453125,1
v_last,627.656982421875,1
nbr_n_alarm_6h,558.2559814453125,1
n_tech_24h,526.5139770507812,1
vz_absmax_max_24h,472.6579895019531,1
n_ev_1h,0.0,0
n_serv_1h,0.0,0
n_tech_1h,0.0,0
n_alarm_1h,0.0,0
n_ev_6h,0.0,0
ldtz_max,0.0,0
alarm_last,0.0,0
state_last,0.0,0
n_states,0.0,0
n_alarm_raw_24h,0.0,0
n_alarm_raw_6h,0.0,0
n_start_24h,0.0,0
n_tech_6h,0.0,0
n_alarm_ref_6h,0.0,0
ldt_mean,0.0,0
ldtz_min,0.0,0
v_std,0.0,0
start_next6h_1d_ago,0.0,0
days_with_start_same_window_7d,0.0,0
start_next6h_7d_ago,0.0,0
n_lowhist_24h,0.0,0
n_serv_6h,0.0,0
n_serv_24h,0.0,0
n_serv_168h,0.0,0
n_lowhist_6h,0.0,0
v_mean,0.0,0
n_start_6h,0.0,0
n_alarm_6h,0.0,0
v_max,0.0,0
v_min,0.0,0
vz_absmax,0.0,0
vz_mean,0.0,0
n_alarm_ref_1h,0.0,0
n_v_hi_168h,0.0,0
n_v_hi_24h,0.0,0
n_vz3_720h,0.0,0
n_vz3_168h,0.0,0
v_mean_6h,0.0,0
v_drift_6_24,0.0,0
v_max_max_6h,0.0,0
n_vz3_24h,0.0,0
час_sin,0.0,0
час_cos,0.0,0
дн_sin,0.0,0
дн_cos,0.0,0
alarm_open_h,0.0,0
alarm_open,0.0,0
nbr_n_alarm_1h,0.0,0
nbr_n_start_6h,0.0,0
