код,тип,строк,положит,pr_auc_модель,pr_auc_база,roc_auc_модель
1,9-секционный люк,5896,4496,0.2582118224292848,0.256225591081993,0.5998206300448461
2,Газовый датчик,38123,4965,0.6690140251557622,0.18426782424660088,0.9550233322839475
3,Датчик движения,12958,4012,0.13325009034279883,0.0735685127903842,0.7158598951937432
4,Датчик дыма,14739,8953,0.07870237502826129,0.07690622827901943,0.3928775682598785
5,Датчик затопления,13929,9316,0.3298606848144823,0.09882289241025176,0.8150644856781635
6,Датчик температуры,12421,4138,0.19394710458471076,0.15779451194024613,0.8669434273952801
7,ИБП,47533,43413,0.6983053107569124,0.45251993789804135,0.8136740763217719
8,КД АВ,39204,34763,0.6407484275915648,0.39422501139653265,0.766822272391948
9,КД Дверь,9251,2219,0.07138896122708584,0.038139205821546576,0.7832356452999099
10,КД Люк,22316,17050,0.39027480315533375,0.15701114935293764,0.7863288844268062
11,Переключатель,8526,0,,,
12,Ручной извещатель,16169,10382,0.13650565258061167,0.11986851994177576,0.4301748071103844
13,Состояние УИР-Р,15315,9917,0.0808354617970632,0.0902337386151829,0.4156254418821085
14,Состояние вентилятора,38767,30322,0.5257210014190729,0.3499001311641856,0.8078607410419625
15,Состояние насоса,56149,48675,0.5889426349274092,0.4876299814348643,0.6777911136679481
16,Состояние охраны,29207,19688,0.440458938848071,0.26538380205941897,0.7424510413691445
17,Состояние фазы,10537,0,,,
18,Стекло,43192,38717,0.583527872111991,0.3686130369959916,0.7382771222589408
19,Тепловой датчик,6873,1680,0.01214179965702558,0.016587022629438015,0.37447673441590607
