ch,начало_молчания,обнаружено,порог_ч
2899,2026-01-01 00:00:00,2026-01-06 01:00:00,120.0
2899,2026-01-07 02:00:00,2026-01-12 03:00:00,120.0
2899,2026-01-24 01:00:00,2026-01-29 02:00:00,120.0
2899,2026-03-11 12:00:00,2026-03-16 13:00:00,120.0
2899,2026-03-24 18:00:00,2026-03-29 19:00:00,120.0
2899,2026-05-06 14:00:00,2026-05-11 15:00:00,120.0
3084,2026-02-13 17:00:00,2026-02-16 06:00:00,60.0
3084,2026-02-20 18:00:00,2026-02-23 07:00:00,60.0
8768,2025-12-22 08:00:00,2026-01-08 18:00:00,417.5
8768,2026-01-22 10:00:00,2026-02-08 20:00:00,417.5
8768,2026-03-06 12:00:00,2026-03-23 22:00:00,417.5
8771,2025-12-22 08:00:00,2026-01-06 22:00:00,373.7
8771,2026-03-06 12:00:00,2026-03-22 02:00:00,373.7
8774,2025-12-22 08:00:00,2026-01-10 01:00:00,449.0
8774,2026-03-06 12:00:00,2026-03-25 05:00:00,449.0
8834,2026-02-24 10:00:00,2026-03-05 03:00:00,208.5
8834,2026-04-20 07:00:00,2026-04-29 00:00:00,208.5
8834,2026-05-27 11:00:00,2026-06-05 04:00:00,208.5
9329,2026-02-20 18:00:00,2026-02-23 17:00:00,70.0
50638,2026-02-20 17:00:00,2026-02-23 21:00:00,75.0
50638,2026-03-06 17:00:00,2026-03-09 21:00:00,75.0
95517,2026-03-19 10:00:00,2026-04-03 01:00:00,350.0
96220,2025-12-24 16:00:00,2026-01-08 12:00:00,355.0
96220,2026-03-19 10:00:00,2026-04-03 06:00:00,355.0
103932,2026-02-13 08:00:00,2026-03-05 09:00:00,480.0
104038,2026-01-17 09:00:00,2026-01-18 21:00:00,35.0
104038,2026-01-24 06:00:00,2026-01-25 18:00:00,35.0
104038,2026-02-13 02:00:00,2026-02-14 14:00:00,35.0
104038,2026-02-25 18:00:00,2026-02-27 06:00:00,35.0
104038,2026-05-20 15:00:00,2026-05-22 03:00:00,35.0
104038,2026-06-06 18:00:00,2026-06-08 06:00:00,35.0
104038,2026-06-12 07:00:00,2026-06-13 19:00:00,35.0
104038,2026-06-19 09:00:00,2026-06-20 21:00:00,35.0
104043,2026-01-21 13:00:00,2026-01-22 14:00:00,24.0
104043,2026-02-13 02:00:00,2026-02-14 03:00:00,24.0
104043,2026-02-22 09:00:00,2026-02-23 10:00:00,24.0
104043,2026-02-27 19:00:00,2026-02-28 20:00:00,24.0
104043,2026-03-06 15:00:00,2026-03-07 16:00:00,24.0
104043,2026-04-19 01:00:00,2026-04-20 02:00:00,24.0
104043,2026-04-20 08:00:00,2026-04-21 09:00:00,24.0
104043,2026-05-05 08:00:00,2026-05-06 09:00:00,24.0
104043,2026-05-09 07:00:00,2026-05-10 08:00:00,24.0
104043,2026-05-12 16:00:00,2026-05-13 17:00:00,24.0
104043,2026-05-15 11:00:00,2026-05-16 12:00:00,24.0
104043,2026-05-28 18:00:00,2026-05-29 19:00:00,24.0
104043,2026-06-06 18:00:00,2026-06-07 19:00:00,24.0
104050,2026-01-04 20:00:00,2026-01-07 14:00:00,65.0
104050,2026-02-13 02:00:00,2026-02-15 20:00:00,65.0
104050,2026-02-18 22:00:00,2026-02-21 16:00:00,65.0
104050,2026-02-25 18:00:00,2026-02-28 12:00:00,65.0
104050,2026-03-11 01:00:00,2026-03-13 19:00:00,65.0
104050,2026-05-15 08:00:00,2026-05-18 02:00:00,65.0
104050,2026-06-12 07:00:00,2026-06-15 01:00:00,65.0
104050,2026-06-16 05:00:00,2026-06-18 23:00:00,65.0
104050,2026-06-19 09:00:00,2026-06-22 03:00:00,65.0
104050,2026-06-25 09:00:00,2026-06-28 03:00:00,65.0
115780,2025-12-04 21:00:00,2026-01-08 22:00:00,840.0
116070,2026-01-23 08:00:00,2026-01-25 21:00:00,60.0
116084,2026-02-17 14:00:00,2026-02-21 09:00:00,90.0
116084,2026-06-13 19:00:00,2026-06-17 14:00:00,90.0
116084,2026-06-19 10:00:00,2026-06-23 05:00:00,90.0
116096,2026-02-17 14:00:00,2026-02-20 13:00:00,70.0
116096,2026-04-02 09:00:00,2026-04-05 08:00:00,70.0
116096,2026-04-10 08:00:00,2026-04-13 07:00:00,70.0
116096,2026-04-17 09:00:00,2026-04-20 08:00:00,70.0
116096,2026-04-23 08:00:00,2026-04-26 07:00:00,70.0
116096,2026-04-29 08:00:00,2026-05-02 07:00:00,70.0
116132,2026-02-17 14:00:00,2026-02-22 15:00:00,120.0
116132,2026-06-12 10:00:00,2026-06-17 11:00:00,120.0
120560,2025-12-12 08:00:00,2026-01-05 18:00:00,585.0
120560,2026-03-10 12:00:00,2026-04-03 22:00:00,585.0
120560,2026-04-07 22:00:00,2026-05-02 08:00:00,585.0
120560,2026-05-05 17:00:00,2026-05-30 03:00:00,585.0
121147,2026-01-28 10:00:00,2026-03-05 20:00:00,873.5
144766,2025-12-26 02:00:00,2026-01-11 09:00:00,390.0
144766,2026-01-21 12:00:00,2026-02-06 19:00:00,390.0
144766,2026-02-24 11:00:00,2026-03-12 18:00:00,390.0
147124,2025-12-23 07:00:00,2026-01-12 11:00:00,483.5
147136,2025-12-23 07:00:00,2026-01-08 04:00:00,380.0
147164,2025-12-23 07:00:00,2026-01-07 08:00:00,360.0
147185,2026-03-23 14:00:00,2026-03-25 07:00:00,40.0
147185,2026-04-03 10:00:00,2026-04-05 03:00:00,40.0
147185,2026-04-08 11:00:00,2026-04-10 04:00:00,40.0
147194,2026-03-23 10:00:00,2026-03-25 08:00:00,45.0
147194,2026-03-31 12:00:00,2026-04-02 10:00:00,45.0
147194,2026-04-08 10:00:00,2026-04-10 08:00:00,45.0
147194,2026-04-26 07:00:00,2026-04-28 05:00:00,45.0
147194,2026-04-28 12:00:00,2026-04-30 10:00:00,45.0
147194,2026-05-01 12:00:00,2026-05-03 10:00:00,45.0
147194,2026-05-03 11:00:00,2026-05-05 09:00:00,45.0
147194,2026-06-18 13:00:00,2026-06-20 11:00:00,45.0
147200,2026-03-23 09:00:00,2026-03-27 04:00:00,90.0
147200,2026-04-02 11:00:00,2026-04-06 06:00:00,90.0
147200,2026-04-08 10:00:00,2026-04-12 05:00:00,90.0
147200,2026-06-22 09:00:00,2026-06-26 04:00:00,90.0
147211,2026-03-23 09:00:00,2026-03-24 10:00:00,24.0
147211,2026-03-28 06:00:00,2026-03-29 07:00:00,24.0
147211,2026-04-02 10:00:00,2026-04-03 11:00:00,24.0
147211,2026-04-06 09:00:00,2026-04-07 10:00:00,24.0
147211,2026-04-08 09:00:00,2026-04-09 10:00:00,24.0
147940,2025-12-22 08:00:00,2026-01-11 04:00:00,475.0
147941,2025-12-23 07:00:00,2026-01-07 08:00:00,360.0
159004,2025-11-21 08:00:00,2026-01-21 06:00:00,1461.2
179159,2025-12-24 08:00:00,2026-01-03 04:00:00,235.0
179159,2026-05-02 16:00:00,2026-05-12 12:00:00,235.0
179209,2026-05-05 18:00:00,2026-05-08 12:00:00,65.0
179209,2026-05-15 07:00:00,2026-05-18 01:00:00,65.0
179387,2025-12-23 08:00:00,2026-01-02 09:00:00,240.0
179387,2026-05-02 16:00:00,2026-05-12 17:00:00,240.0
193207,2025-12-08 21:00:00,2026-01-02 14:00:00,593.0
193207,2026-01-24 04:00:00,2026-02-17 21:00:00,593.0
196231,2025-12-23 07:00:00,2026-01-04 20:00:00,300.0
196231,2026-01-28 11:00:00,2026-02-10 00:00:00,300.0
196231,2026-05-04 06:00:00,2026-05-16 19:00:00,300.0
196231,2026-06-05 06:00:00,2026-06-17 19:00:00,300.0
196231,2026-06-18 06:00:00,2026-06-30 19:00:00,300.0
196516,2025-12-23 13:00:00,2026-01-14 23:00:00,538.0
196516,2026-02-18 14:00:00,2026-03-13 00:00:00,538.0
196516,2026-03-23 11:00:00,2026-04-14 21:00:00,538.0
196516,2026-04-23 17:00:00,2026-05-16 03:00:00,538.0
196683,2025-12-30 08:00:00,2026-01-14 09:00:00,360.0
196683,2026-01-26 13:00:00,2026-02-10 14:00:00,360.0
197173,2025-12-13 03:00:00,2026-01-11 14:00:00,706.0
197173,2026-02-12 14:00:00,2026-03-14 01:00:00,706.0
212076,2025-12-29 13:00:00,2026-03-09 14:00:00,1680.0
212919,2026-02-13 02:00:00,2026-02-27 22:00:00,355.0
212926,2026-02-12 11:00:00,2026-02-27 07:00:00,355.0
213423,2025-12-29 13:00:00,2026-01-13 04:00:00,350.0
213423,2026-02-12 14:00:00,2026-02-27 05:00:00,350.0
215830,2026-04-22 11:00:00,2026-05-27 12:00:00,840.0
229629,2026-02-23 14:00:00,2026-03-15 10:00:00,475.0
229629,2026-06-05 08:00:00,2026-06-25 04:00:00,475.0
230941,2025-12-29 14:00:00,2026-01-18 20:00:00,485.0
230941,2026-02-12 01:00:00,2026-03-04 07:00:00,485.0
231422,2026-06-10 16:00:00,2026-06-24 01:00:00,320.0
266637,2026-02-15 11:00:00,2026-02-23 05:00:00,185.0
266637,2026-03-27 08:00:00,2026-04-04 02:00:00,185.0
266637,2026-05-17 12:00:00,2026-05-25 06:00:00,185.0
266864,2026-01-01 14:00:00,2026-01-06 00:00:00,105.0
266864,2026-01-15 13:00:00,2026-01-19 23:00:00,105.0
266864,2026-02-04 03:00:00,2026-02-08 13:00:00,105.0
266864,2026-02-19 16:00:00,2026-02-24 02:00:00,105.0
266864,2026-02-26 01:00:00,2026-03-02 11:00:00,105.0
266864,2026-03-09 04:00:00,2026-03-13 14:00:00,105.0
267008,2026-02-04 03:00:00,2026-02-19 04:00:00,360.0
267046,2025-12-29 11:00:00,2026-01-13 12:00:00,360.0
267046,2026-02-13 02:00:00,2026-02-28 03:00:00,360.0
267048,2026-02-04 03:00:00,2026-02-19 04:00:00,360.0
267079,2026-02-14 06:00:00,2026-03-01 07:00:00,360.0
269757,2026-02-04 19:00:00,2026-02-18 09:00:00,325.0
278336,2026-05-31 23:00:00,2026-06-02 01:00:00,25.0
278336,2026-06-04 09:00:00,2026-06-05 11:00:00,25.0
286812,2026-01-24 14:00:00,2026-02-10 07:00:00,400.0
288002,2026-02-27 23:00:00,2026-03-14 19:00:00,355.0
288116,2026-01-02 22:00:00,2026-01-07 23:00:00,120.0
288116,2026-01-18 13:00:00,2026-01-23 14:00:00,120.0
288116,2026-02-03 13:00:00,2026-02-08 14:00:00,120.0
288116,2026-05-28 17:00:00,2026-06-02 18:00:00,120.0
288116,2026-06-03 14:00:00,2026-06-08 15:00:00,120.0
288116,2026-06-20 20:00:00,2026-06-25 21:00:00,120.0
288146,2026-04-23 12:00:00,2026-04-25 20:00:00,55.0
288161,2026-04-23 12:00:00,2026-04-26 16:00:00,75.0
288306,2026-04-23 11:00:00,2026-04-26 00:00:00,60.0
288306,2026-05-14 22:00:00,2026-05-17 11:00:00,60.0
288306,2026-05-27 23:00:00,2026-05-30 12:00:00,60.0
288311,2026-04-23 10:00:00,2026-04-27 00:00:00,85.0
331389,2026-03-19 11:00:00,2026-04-25 16:00:00,892.5
331444,2026-01-27 10:00:00,2026-02-10 05:00:00,330.0
331444,2026-03-17 16:00:00,2026-03-31 11:00:00,330.0
331444,2026-06-11 11:00:00,2026-06-25 06:00:00,330.0
333435,2025-12-13 14:00:00,2026-01-10 15:00:00,672.5
333558,2025-12-13 14:00:00,2026-01-07 22:00:00,607.5
333558,2026-02-10 13:00:00,2026-03-07 21:00:00,607.5
333566,2025-12-13 14:00:00,2026-01-11 22:00:00,703.5
333641,2026-05-31 23:00:00,2026-06-02 00:00:00,24.0
