код,ид_объект,вид_объекта,название
1,20,guardObject,объект Фита
2,28,guardObject,объект Вита
3,42,guardObject,объект Каппа ОС
4,99,controlHouse,ДП объект Вита
5,108,controlHouse,ДП ПС объект Ро
6,111,controlHouse,ДП объект Бета
7,165,guardObject,объект Бета
8,3215,guardObject,объект Йота
9,3216,controlHouse,ДП объект Йота
10,3250,controlHouse,Шкаф ОПС объект Йота
11,3356,guardObject,ПС объект Тау
12,3360,controlHouse,ДУ объект Омикрон
13,3388,controlHouse,ДУ объект Тау
14,3902,controlHouse,ДП объект Эпсилон
15,3903,controlHouse,Шкафы ОС объект Эпсилон
16,3904,guardObject,объект Эпсилон ОС
17,3905,guardObject,объект Пси ОС
18,4069,guardObject,объект Сигма
19,4095,guardObject,объект Хи
20,4177,controlHouse,ДП объект Сигма
21,4369,controlHouse,ДУ ПС объект Ро
22,4370,guardObject,объект Ро
23,4391,guardObject,объект Омикрон
24,4392,controlHouse,ДП объект Омикрон
25,4541,controlHouse,Шкаф ОПС объект Хи
26,4543,controlHouse,ДУ объект Хи
27,4569,controlHouse,Шкаф ОПС ПС объект Ро
28,4574,controlHouse,ДП ПС объект Омега
29,4577,controlHouse,Шкаф ОПС ПС объект Омега
30,4610,controlHouse,ДУ объект Дельта
31,4648,guardObject,ПС объект Омега
32,4763,controlHouse,Шкаф ОПС объект Омикрон
33,4765,controlHouse,Шкаф ОПС объект Бета
34,4767,controlHouse,Шкаф ОПС объект Вита
35,4768,controlHouse,Шкаф ОПС объект Сигма
36,4770,controlHouse,Шкаф ОПС объект Зита
37,5003,controlHouse,ДУ ПС объект Омега
38,5009,controlHouse,Шкаф ОПС ПС объект Тау
39,5011,controlHouse,ДУ объект Вита
40,5113,guardObject,объект Дельта
41,5114,controlHouse,Шкаф ОПС объект Дельта
42,5122,controlHouse,ДУ объект Альфа
43,5123,controlHouse,ДП объект Альфа
44,5124,controlHouse,ДП объект Альфа 2 этаж
45,5129,guardObject,объект Фита
46,5132,controlHouse,ДП объект Зита
47,5218,controlHouse,объект Йота ДУ
48,5332,guardObject,объект Кси ПК0-ПК202
49,5333,controlHouse,ДУ объект Кси
50,5336,controlHouse,ДП объект Кси
51,5338,controlHouse,"Шкаф ОПС, ДУ объект Кси"
52,5339,guardObject,объект Пси
53,5340,controlHouse,объект Пси шкаф ОПС
54,5343,guardObject,объект Кси ПК202-ПК302
55,5537,guardObject,объект Пси ПС
56,5539,guardObject,объект Эпсилон ПС
57,5540,controlHouse,Шкафы ПС объект Эпсилон
58,5567,guardObject,объект Каппа ПС
59,5574,controlHouse,объект Каппа шкафы
60,5578,controlHouse,объект Дзета ДУ
61,5579,controlHouse,объект Дзета шкафы
62,5580,guardObject,объект Дзета ОС
63,5581,guardObject,объект Дзета ПС
64,5582,guardObject,объект Зита ОС
65,5583,guardObject,объект Зита ПС
66,5591,controlHouse,объект Зита ДУ
67,5593,controlHouse,объект Зита шкафы
68,5594,controlHouse,объект Дзета щит. ПК48 Г1 ПК5
69,5657,controlHouse,объект Каппа ДУ
70,5674,controlHouse,объект Мю ДП
71,5675,controlHouse,объект Мю ДУ
72,5676,guardObject,объект Мю ОС
73,5677,guardObject,объект Мю ПС
74,5678,controlHouse,объект Мю шкафы
75,5961,guardObject,объект Гамма ОС
76,5962,guardObject,объект Гамма ПС
77,5963,controlHouse,объект Гамма ДУ
78,5966,controlHouse,объект Гамма шкафы
