код,название_состояния,техническое
0,<нет состояния>,0
1,Батарея неисправна,0
2,Батарея разряжена,0
3,В норме от +3 до +40,0
4,Включен,0
5,Вызов,0
6,Выключен,1
7,Движения нет,0
8,Дыма нет,0
9,Есть питание,0
10,Затоплен,0
11,Много неисправных устройств,0
12,На охране,0
13,Не замкнут,0
14,Не определено,1
15,Неисправен,1
16,Неопределен,1
17,Норма,1
18,Обесточен,0
19,Обнаружен газ,0
20,Обнаружен дым,0
21,Обнаружено движение,0
22,Отключено устройство,1
23,Питание от батарей,0
24,Питание от сети,0
25,Работают все насосы в АНС,0
26,Разговор,0
27,Рычаг норма,0
28,Рычаг сдернут,0
29,Снято с охраны,0
30,Температура выше 40ºC,0
31,Температура ниже 3ºC,0
32,Устройства на объекте исправны,0
