тип_датчика,название_состояния,тревожное,флаг_в_исходном_справочнике,строк_в_журнале,доля_тревожных_в_журнале
9-секционный люк,Выключен,f,false,4,0.000
9-секционный люк,Не замкнут,t,true,73,1.000
9-секционный люк,Неисправен,t,true,14,1.000
9-секционный люк,Неопределен,f,false,159,0.000
9-секционный люк,Норма,f,false,252,0.000
Газовый датчик,Выключен,f,false,5731,0.000
Газовый датчик,Не замкнут,t,true,1,1.000
Газовый датчик,Неисправен,t,true,49031,0.890
Газовый датчик,Неопределен,f,false,404033,0.000
Газовый датчик,Норма,f,false,469929,0.000
Газовый датчик,Обнаружен газ,t,true,17820,0.566
Газовый датчик,Отключено устройство,t,true,127,0.890
Датчик движения,В норме от +3 до +40,f,false,4,0.000
Датчик движения,Выключен,f,false,699,0.000
Датчик движения,Движения нет,f,false,25501141,0.000
Датчик движения,Не замкнут,t,true,99389,0.002
Датчик движения,Неисправен,t,true,1816,0.653
Датчик движения,Неопределен,f,false,132939,0.000
Датчик движения,Норма,f,false,235461,0.000
Датчик движения,Обесточен,t,false/true,2,0.000
Датчик движения,Обнаружено движение,t,true,25501120,0.008
Датчик движения,Отключено устройство,t,true,1158,0.306
Датчик движения,Питание от сети,f,false,1,0.000
Датчик дыма,Выключен,f,false,3634,0.000
Датчик дыма,Дыма нет,f,false,165823,0.000
Датчик дыма,Есть питание,f,false,1,0.000
Датчик дыма,Не замкнут,t,true,248,0.149
Датчик дыма,Неисправен,t,true,1169182,0.962
Датчик дыма,Неопределен,f,false,645664,0.000
Датчик дыма,Норма,f,false,1808800,0.000
Датчик дыма,Обесточен,t,false/true,2,0.000
Датчик дыма,Обнаружен дым,t,true,164288,0.258
Датчик дыма,Отключено устройство,t,true,3966,0.865
Датчик затопления,Выключен,f,false,9,0.000
Датчик затопления,Движения нет,f,false,2,0.000
Датчик затопления,Не замкнут,t,true,3732,0.998
Датчик затопления,Неисправен,t,true,8,1.000
Датчик затопления,Неопределен,f,false,2462,0.000
Датчик затопления,Норма,f,false,6206,0.000
Датчик затопления,Отключено устройство,t,true,5,1.000
Датчик температуры,В норме от +3 до +40,f,false,18023,0.000
Датчик температуры,Выключен,f,false,536,0.000
Датчик температуры,Движения нет,f,false,24,0.000
Датчик температуры,Не замкнут,t,true,1,1.000
Датчик температуры,Не определено,t,true,10339,0.890
Датчик температуры,Неисправен,t,true,40388,1.000
Датчик температуры,Неопределен,f,false,111534,0.000
Датчик температуры,Норма,f,false,152266,0.000
Датчик температуры,Отключено устройство,t,true,152,1.000
Датчик температуры,Температура выше 40ºC,t,true,1949,0.774
Датчик температуры,Температура ниже 3ºC,t,false/true,10025,0.882
ИБП,Батарея неисправна,f,false,2691,0.000
ИБП,Батарея разряжена,t,true,224,0.902
ИБП,Выключен,f,false,514,0.000
ИБП,Движения нет,f,false,2,0.000
ИБП,Не замкнут,t,true,2,1.000
ИБП,Неисправен,t,true,2009,0.994
ИБП,Неопределен,f,false,35245,0.000
ИБП,Норма,f,false,37210,0.000
ИБП,Отключено устройство,t,true,25,1.000
ИБП,Питание от батарей,t,true,20402,0.986
ИБП,Питание от сети,f,false,22884,0.000
КД АВ,Выключен,f,false,479,0.000
КД АВ,Движения нет,f,false,9,0.000
КД АВ,Есть питание,f,false,2,0.000
КД АВ,Не замкнут,t,true,239068,0.961
КД АВ,Неисправен,t,true,916,1.000
КД АВ,Неопределен,f,false,69623,0.000
КД АВ,Норма,f,false,310247,0.000
КД АВ,Обесточен,t,false/true,4,0.000
КД АВ,Обнаружено движение,t,true,1,1.000
КД АВ,Отключено устройство,t,true,389,1.000
КД Дверь,В норме от +3 до +40,f,false,2,0.000
КД Дверь,Выключен,f,false,623,0.000
КД Дверь,Движения нет,f,false,124407,0.000
КД Дверь,Не замкнут,t,true,2213894,0.017
КД Дверь,Не определено,t,true,1,1.000
КД Дверь,Неисправен,t,true,360,0.183
КД Дверь,Неопределен,f,false,153840,0.000
КД Дверь,Норма,f,false,2368802,0.000
КД Дверь,Обесточен,t,false/true,2,0.000
КД Дверь,Обнаружено движение,t,true,124391,0.001
КД Дверь,Отключено устройство,t,true,227,0.498
КД Дверь,Питание от сети,f,false,1,0.000
КД Люк,Выключен,f,false,72,0.000
КД Люк,Движения нет,f,false,3,0.000
КД Люк,Не замкнут,t,true,3689,0.999
КД Люк,Неисправен,t,true,120,1.000
КД Люк,Неопределен,f,false,14151,0.000
КД Люк,Норма,f,false,17989,0.000
КД Люк,Отключено устройство,t,true,35,1.000
Переключатель,Включен,f,false,925045,0.000
Переключатель,Выключен,f,false,933685,0.000
Переключатель,Неопределен,f,false,629135,0.000
Переключатель,Норма,f,false,629717,0.000
Переключатель,Отключено устройство,t,true,479,0.996
Ручной извещатель,Выключен,f,false,46,0.000
Ручной извещатель,Движения нет,f,false,42,0.000
Ручной извещатель,Не замкнут,t,true,2324,0.360
Ручной извещатель,Неисправен,t,true,10660,0.998
Ручной извещатель,Неопределен,f,false,9897,0.000
Ручной извещатель,Норма,f,false,22452,0.000
Ручной извещатель,Обнаружено движение,t,true,39,1.000
Ручной извещатель,Отключено устройство,t,true,232,0.996
Ручной извещатель,Рычаг норма,f,false,189,0.000
Ручной извещатель,Рычаг сдернут,t,true,189,0.101
Состояние УИР-Р,Вызов,f,false,92636,0.000
Состояние УИР-Р,Выключен,f,false,3463,0.000
Состояние УИР-Р,Движения нет,f,false,17,0.000
Состояние УИР-Р,Не замкнут,t,true,1324,0.108
Состояние УИР-Р,Неисправен,t,true,97,0.402
Состояние УИР-Р,Неопределен,f,false,2643079,0.000
Состояние УИР-Р,Норма,f,false,2753658,0.000
Состояние УИР-Р,Обнаружено движение,t,true,8,1.000
Состояние УИР-Р,Отключено устройство,t,true,566,0.767
Состояние УИР-Р,Разговор,f,false,106728,0.000
Состояние УИР-Р,Рычаг норма,f,false,41466,0.000
Состояние УИР-Р,Рычаг сдернут,t,true,41458,0.132
Состояние вентилятора,Включен,f,false,552880,0.000
Состояние вентилятора,Выключен,f,false,632600,0.000
Состояние вентилятора,Неисправен,t,true,78692,0.898
Состояние вентилятора,Неопределен,f,false,282058,0.000
Состояние вентилятора,Норма,f,false,358615,0.000
Состояние вентилятора,Обесточен,t,false/true,82703,0.904
Состояние вентилятора,Отключено устройство,t,true,249,1.000
Состояние насоса,Включен,f,false,506623,0.000
Состояние насоса,Выключен,f,false,613838,0.000
Состояние насоса,Затоплен,t,true,62285,0.862
Состояние насоса,Неисправен,t,true,108872,0.896
Состояние насоса,Неопределен,f,false,198016,0.000
Состояние насоса,Норма,f,false,309287,0.000
Состояние насоса,Обесточен,t,false/true,96277,0.889
Состояние насоса,Отключено устройство,t,true,746,1.000
Состояние насоса,Работают все насосы в АНС,t,true,80800,0.995
Состояние охраны,Выключен,f,false,32,0.000
Состояние охраны,Движения нет,f,false,2,0.000
Состояние охраны,Много неисправных устройств,t,true,8131,0.996
Состояние охраны,На охране,f,false,78436,0.000
Состояние охраны,Неопределен,f,false,8108,0.000
Состояние охраны,Норма,f,false,8116,0.000
Состояние охраны,Снято с охраны,f,false,78421,0.000
Состояние охраны,Устройства на объекте исправны,f,false,8128,0.000
Состояние фазы,Включен,f,false,866,0.000
Состояние фазы,Выключен,f,false,1315,0.000
Состояние фазы,Есть питание,f,false,1064405,0.000
Состояние фазы,Не замкнут,t,true,3,1.000
Состояние фазы,Неисправен,t,true,25466,0.993
Состояние фазы,Неопределен,f,false,811628,0.000
Состояние фазы,Норма,f,false,836611,0.000
Состояние фазы,Обесточен,f,false/true,1064438,0.000
Состояние фазы,Отключено устройство,t,true,684,1.000
Стекло,Выключен,f,false,188,0.000
Стекло,Не замкнут,t,true,10600,0.907
Стекло,Неопределен,f,false,5068,0.000
Стекло,Норма,f,false,15830,0.000
Стекло,Отключено устройство,t,true,1,1.000
Тепловой датчик,Выключен,f,false,174,0.000
Тепловой датчик,Не замкнут,t,true,3706,0.604
Тепловой датчик,Неисправен,t,true,22,0.773
Тепловой датчик,Неопределен,f,false,246676,0.000
Тепловой датчик,Норма,f,false,250462,0.000
Тепловой датчик,Отключено устройство,t,true,24,1.000
